created_at,text
Fri Jun 19 17:09:36 +0000 2020,Canâ€™t wait to watch @Disclosure_Doc on @netflix today!! Executive produced by @Lavernecox who is extraordinary ğŸ’•ğŸ’•ğŸ’• Who else is gonna watch?! https://t.co/tYnZXfYzk5
Fri Jun 19 04:01:22 +0000 2020,"For my family, everything that has transpired recently gives us an opportunity to reflect, listen, and reprogram any part of our lives that hasnâ€™t been loudly and ferociously anti-racist, and to never let privilege lie dormant when it could be used to stand up for whatâ€™s right."
Fri Jun 19 04:01:22 +0000 2020,"Personally, Iâ€™ve made the decision to give all of my employees June 19th off in honor of Freedom Day from now on, and to continue to educate myself on the history that brought us to this present moment."
Fri Jun 19 04:01:21 +0000 2020,"Happy Juneteenth! I want to thank @TheRoot and @RhapsoDani for allowing me to post this video about the significance of today, June 19th, and why it should be celebrated as a National holiday. https://t.co/7yjwh4Lddg"
Mon Jun 15 17:24:59 +0000 2020,"YES!! Thank you to the Supreme Court Justices who voted in favor and all the advocates who have fought so hard for this! We still have a long way to go to reach equality, but this is a beautiful step forward. ğŸŒˆâ¤ï¸ğŸ§¡ğŸ’›ğŸ’šğŸ’™ğŸ’œğŸŒˆ https://t.co/zTd3i5P2TL"
Fri Jun 12 20:07:58 +0000 2020,"When you fight to honor racists, you show black Tennesseans and all of their allies where you stand, and you continue this cycle of hurt. You canâ€™t change history, but you can change this. ğŸ™"
Fri Jun 12 20:07:58 +0000 2020,Iâ€™m asking the Capitol Commission and the Tennessee Historical Commission to please consider the implications of how hurtful it would be to continue fighting for these monuments.
Fri Jun 12 20:07:57 +0000 2020,We need to retroactively change the status of people who perpetuated hideous patterns of racism from â€˜heroesâ€™ to â€˜villains.â€™ And villains donâ€™t deserve statues.
Fri Jun 12 20:07:57 +0000 2020,"Taking down statues isnâ€™t going to fix centuries of systemic oppression, violence and hatred that black people have had to endure but it might bring us one small step closer to making ALL Tennesseans and visitors to our state feel safe - not just the white ones."
Fri Jun 12 20:07:57 +0000 2020,"His statue is still standing and July 13th is â€˜Nathan Bedford Forrest Day.â€™ Due to social pressure, the state is trying to overrule this, and Tennesseans might no longer have to stomach it. Fingers crossed."
Fri Jun 12 20:07:57 +0000 2020,"Then we get to this monstrosity. Nathan Bedford Forrest was a brutal slave trader and the first grand wizard of the Ku Klux Klan who, during the Civil War, massacred dozens of black Union soldiers in Memphis. https://t.co/n2DiEt9F3P"
Fri Jun 12 20:07:56 +0000 2020,Replacing his statue is a waste of state funds and a waste of an opportunity to do the right thing.
Fri Jun 12 20:07:56 +0000 2020,"FYI, he was a white supremacist newspaper editor who published pro-lynching editorials and incited the arson of the office of Ida B. Wells (who actually deserves a heroâ€™s statue for her pioneering work in journalism and civil rights)."
Fri Jun 12 20:07:54 +0000 2020,Edward Carmackâ€™s statue was sitting in the state Capitol until it was torn down last week in the protests. The state of Tennessee has vowed to replace it.
Fri Jun 12 20:07:54 +0000 2020,"As a Tennessean, it makes me sick that there are monuments standing in our state that celebrate racist historical figures who did evil things. Edward Carmack and Nathan Bedford Forrest were DESPICABLE figures in our state history and should be treated as such."
Tue Jun 09 19:09:57 +0000 2020,We need to fight for mail-in voting for the 2020 election. No one should have to choose between their health and having their voice heard. https://t.co/4ImsKW1fQN
Tue Jun 09 19:09:57 +0000 2020,This article written by @BarackObama is a fascinating read about changing policy at the state and local levels. https://t.co/kwwFjaXCuC
Tue Jun 09 19:09:56 +0000 2020,"Racial injustice has been ingrained deeply into local and state governments, and changes MUST be made there.Â In order for policies to change, we need to elect people who will fight against police brutality and racism of any kind. #BlackLivesMatter"
Fri May 29 15:33:41 +0000 2020,"After stoking the fires of white supremacy and racism your entire presidency, you have the nerve to feign moral superiority before threatening violence? â€˜When the looting starts the shooting startsâ€™??? We will vote you out in November. @realdonaldtrump"
Mon May 25 02:11:02 +0000 2020,VERY STOKED about this cover of lwymmd on @KillingEve by Jack leopards &amp; the dolphin club!! https://t.co/fhkLfOssfm
Tue May 19 20:31:11 +0000 2020,@etnow I personally really relate to this tweet. ğŸ˜
Mon May 18 19:58:45 +0000 2020,"The City Of Lover concert is streaming on @Hulu + @DisneyPlus! And the live songs are available now ğŸ’• https://t.co/KZNhsi9o3Y

#TaylorSwiftCityOfLover https://t.co/LTTkqliMWY"
Mon May 18 03:10:13 +0000 2020,@TheAddyMiller Addy I had to google YGG but a) now I know what it means b) YGG back! c) tell your mom hi she seems cool ğŸ˜
Mon May 18 03:04:52 +0000 2020,@tracesofswift @winestainedtay MY HEART â¤ï¸
Mon May 18 02:42:52 +0000 2020,@nathansrep_ THIS PIC IS SO AWW ğŸ¥° ğŸ¥ºğŸ’•
Mon May 18 02:35:30 +0000 2020,@LOLbridg Thank you so much for everything you do and how hard youâ€™re working to keep us safe ğŸ™ğŸ™ğŸ™
Mon May 18 02:25:31 +0000 2020,@Ru_ReAdy_FoR_IT Iâ€™m so sorry itâ€™s been hard and Iâ€™m so touched and flattered that the show is making you smile ğŸ˜Š
Mon May 18 02:17:47 +0000 2020,@13yearsoftay Aww thanks bud ğŸ¥ºğŸ¥ºğŸ¥ºğŸ¹ğŸ’—
Mon May 18 02:09:40 +0000 2020,@loverlauren13 @taylornation13 Cute cute cute ğŸ†ğŸ†ğŸ†
Mon May 18 02:09:08 +0000 2020,@CaleighAMiller YAY! Glad youâ€™re watching ğŸ’•
Sun May 17 17:15:45 +0000 2020,Stoked to relive our Paris show tonight when the City of Lover concert airs at 10pm ET/9pm CT on @ABCNetwork - then tomorrow on @hulu and @disneyplus ğŸ’• It was the best album release party I couldâ€™ve wished for ğŸ˜†âœ¨ğŸ’ğŸ†ğŸ•¶ love you guys ğŸ’‹ https://t.co/G9Dm3nYrgv
Fri May 15 15:07:21 +0000 2020,"City Of Lover Concert ğŸ’•Â Airing this Sunday at 10p ET onÂ @ABCNetwork and streaming the next day onÂ @hulu  andÂ @disneyplus!Â 
#TaylorSwiftCityOfLover

ğŸ“¸: Dave Hogan https://t.co/cYAu74UCut"
Thu May 14 22:02:11 +0000 2020,when youâ€™re proud of your buns so you post them on the internet https://t.co/4wPIi8mb5F
Mon May 11 01:58:56 +0000 2020,"PS for those of you who are separated from your loved ones or struggling with this day, my heart is with you ğŸ’—"
Mon May 11 01:58:55 +0000 2020,My conversations with my mom have always been and will always be some of my favorite memories - from when I was 10 months old in this video from Oct. 1990 to now talking every day on the phone. Our talks are everything to me. Myyyyyy goodness I love you Mom. Happy Motherâ€™s Day ğŸ’ https://t.co/Okav6gEt2R
Fri May 08 12:47:13 +0000 2020,Excited to announce the City of Lover Concert! We filmed my show in Paris in September and thought itâ€™d be fun to share it with you ğŸ˜„May 17 at 10p ET on @abcnetwork and available the next day on @hulu and @disneyplus! #TaylorSwiftCityOfLover https://t.co/7B3ky0rO5B
Thu May 07 21:25:42 +0000 2020,"Iâ€™m absolutely devastated and horrified by the senseless, cold blooded, racially motivated killing of Ahmaud Arbery. #JusticeForAhmaud"
Thu May 07 17:27:50 +0000 2020,ğŸ· ğŸ biiig isolation ğŸ ğŸ· https://t.co/MJbhD8Bau1
Sun May 03 21:41:43 +0000 2020,@rhodesmusic Oh I love this so much â˜ºï¸â˜ºï¸â˜ºï¸
Mon Apr 27 21:08:40 +0000 2020,Not a lot going on at the moment https://t.co/NaRCqgCH4Y
Thu Apr 23 00:47:53 +0000 2020,Captain Olivia Benson off duty like - https://t.co/JJ5ff8syMU
Sat Apr 18 18:26:33 +0000 2020,@maisiehpeters ğŸ†ğŸŒ¸âœ¨heavenlyâœ¨ğŸŒ¸ğŸ†
Sat Apr 18 18:09:53 +0000 2020,RT @taylornation13: TONIGHT!! ğŸ’• @glblctzn and @WHO are putting on an amazing event to help fight against #COVID19. Find out how you can watâ€¦
Fri Apr 17 17:00:09 +0000 2020,"I'm so sad I won't be able to see you guys in concert this year, but I know this is the right decision. Please, please stay healthy and safe. Iâ€™ll see you on stage as soon as I can but right now whatâ€™s important is committing to this quarantine, for the sake of all of us. https://t.co/qeiMk2Tgon"
Tue Apr 14 18:17:17 +0000 2020,@RyanHurd Love this so much ğŸ™
Fri Apr 10 18:18:54 +0000 2020,"Itâ€™s National Siblings Day! My brother @austinswift7 is one of my best pals, and Iâ€™m really proud of him because heâ€™s in a film that came out today called We Summon The Darkness (which he co-produced). Photo by Gigi. My facial expression by 3 glasses of wine. #nationalsiblingsday https://t.co/1SXUtIxaiP"
Fri Mar 27 13:15:38 +0000 2020,"My Womenâ€™s History Month playlist is nostalgic comfort vibes by women I adore ğŸ’› @Spotify 
https://t.co/q47iu4Vc7L https://t.co/I5jQCZy8G1"
Fri Mar 20 18:01:43 +0000 2020,"While weâ€™re looking for things to do at home, I thought itâ€™d be fun to share behind the scenes of my dadâ€™s acting debut. ğŸ¾ https://t.co/1WIBE8jdfb"
Mon Mar 16 21:50:13 +0000 2020,"For Meredith, self quarantining is a way of life. Be like Meredith. #QuarantineCats https://t.co/yEHJ5c5oFi"
Tue Mar 10 12:52:08 +0000 2020,"No one:

Absolutely no one:

Me: hereâ€™s more footage of behind the scenes of me directing The Man video with a female voice and demeanor/ dude body and face! Just to make your day weirder! 

https://t.co/5vRMcFYhWz https://t.co/iCvBjThn0d"
Sat Mar 07 17:15:15 +0000 2020,"In honor of International Womenâ€™s Day, I changed out my @AppleMusic playlist to songs Iâ€™m loving right now by female artists and bands. ğŸ’• Letâ€™s all celebrate together by honoring the women in our lives and the women out there pushing things forward ğŸ˜˜ https://t.co/YSUOgCUqIa"
Fri Mar 06 13:19:20 +0000 2020,The Man Behind The Scenes - Becoming The Man is out now! Only took 5 hours in the makeup chair + a little sprinkle of privilege dust âœ¨âœ¨âœ¨â¡ï¸ğŸ‘¨ğŸ» https://t.co/9tG8uYDFGz https://t.co/ptVjh4xQCZ
Tue Mar 03 20:24:24 +0000 2020,My heart is with everyone in Tennessee who has been affected by the tornados. Sending you my love and prayers.
Fri Feb 28 02:12:27 +0000 2020,"Shout out to Rebecca Skinner for being the best executive producer a (wo)man could ask for. 
I canâ€™t believe I get to work with these legends. Having a little moment over here ğŸ¥ºğŸ’“"
Fri Feb 28 02:12:26 +0000 2020,"More thank youâ€™s... Chancler Haynes is an editing extraordinaire. Stephen Galloway and Spenser Theberge were my movement coaches and taught me how to smoke, slouch, walk and act like a toxic bro. David Lebensfeld and Grant Miller aced that VFX magic. https://t.co/I8rf5D3xwE"
Fri Feb 28 00:11:18 +0000 2020,"Rodrigo Prieto, our DP/cinematographer, is absolutely brilliant and down to earth and hilarious. Ethan Tobman created all those sets. Like, that wasnâ€™t a real yacht. Thatâ€™s how good he is. ğŸ¤¯ğŸ‘"
Fri Feb 28 00:11:18 +0000 2020,"I want to say a massive thank you to my main team in putting this whole thing together: Jil Hardin, our producer, worked tirelessly and truly made me feel like I could do this. Joe â€˜Ozâ€™ Osborne, our excellent AD, and I have worked together for years and heâ€™s the coolest. https://t.co/c7hLxu4Keq"
Thu Feb 27 23:02:01 +0000 2020,Between 4-6 hours in the make up chair every day with these geniuses. Thank you Bill Corso and all who worked so hard on this transformation ğŸ™ğŸ™ğŸ™
Thu Feb 27 23:02:01 +0000 2020,"Alongside every great (the) man is a team of hardworking creatives who made this thing happen. Bill Corso &amp; his incredible team and I have worked together before, turning me into a zombie.. but convincing a significant amount of people I was a dude is our crowning achievement. https://t.co/Rn7FmIDz55"
Thu Feb 27 14:50:34 +0000 2020,"@Dominic_Toliver @tiktok_us Dominic your reactions were SO good, when you were all â€˜you got this!!â€™ And jaydenâ€™s all â€˜ğŸ˜â¤ï¸ğŸ’—â€™. I cackle every time I see it. Thanks so much for spending the day with me!"
Thu Feb 27 14:48:34 +0000 2020,@iamlorengray This post ğŸ¥ºğŸ¥° I appreciate you saying this so much. I had the best time hanging out &amp; talking on the tennis court with you! Pennsylvania girls represent ğŸ¥³ Gonna be cheering you on for everything you do!
Thu Feb 27 14:46:32 +0000 2020,@jaydenbartels Every time I see you in the video I just GRIN because you were so good and so awesome to be around. Thank you SO much for being a part of it!!!
Thu Feb 27 14:23:26 +0000 2020,My dad making his acting debut as â€˜unimpressed umpireâ€™ is a memory Iâ€™ll always cherish. Thank you to the entire cast and crew for helping me become the man I always knew I could be ğŸ˜‚
Thu Feb 27 14:23:03 +0000 2020,itâ€™s so cool to have you be a part of this!! Thank you @jaydenbartels and @dominic_toliver for your amazing and hilarious reactions- and @iamlorengray your eye roll really was aStOnIsHiNg ğŸ¥°ğŸ˜˜ğŸ’—
Thu Feb 27 14:22:18 +0000 2020,Just sitting here pondering how happy I am that The Man music video is OUT. I want to say thank you to so many people- Gotta thank @TheRock for voicing The Man and for being so supportive of my music for years (and now my directorial debut!)- https://t.co/6G9G21Lw8J
Thu Feb 27 12:07:41 +0000 2020,Man down. After a massive mantrum. ğŸ¾ #TheManMusicVideo is out now! https://t.co/9pGiwD8ZWa https://t.co/mcn1CE7LMI
Thu Feb 27 10:38:56 +0000 2020,"One small step for the man, one giant leap for #TheManMusicVideo...1.5 hours to go! Iâ€™m counting down with you on the premiere page: https://t.co/HnovGRN82i https://t.co/rYrxqzNYwF"
Wed Feb 26 13:03:16 +0000 2020,Oh man...music video tomorrow at 7 A.M. EST! And Iâ€™m going to be chatting/answering your questions/mansplaining the video on YouTube starting an hour before at 6 A.M. EST https://t.co/OJmaYDbsOo
Tue Feb 25 21:15:58 +0000 2020,"There are 19 hands in the hallway 

... but only 2 days until The Man Music Video https://t.co/pePLcEwxtQ"
Tue Feb 18 05:24:04 +0000 2020,The Man - Live From Paris is out now! https://t.co/QZofz2CNxF https://t.co/8lFwIRI79U
Mon Feb 17 15:10:57 +0000 2020,"The Man - Live From ParisÂ  âœ¨ 
Song/video tonight at Midnight ET https://t.co/Mr579hZtZe"
Thu Feb 13 23:32:29 +0000 2020,"@billybragg It was excellent meeting you and this is so nice of you to say.  ğŸ’— See you at Glasto, new friend!"
Thu Feb 13 22:58:33 +0000 2020,ğŸ¶I enjoy nights in BrixtonğŸ¶ but especially when theyâ€™re like last night @NME! Met @clairo @beabad00bee &amp; @fkatwigs who are amazing. Got to tell @robynkonichiwa sheâ€™s the melody queen of my musical heart &amp; got to take another middle finger trophy home to the felines. ğŸ‡¬ğŸ‡§ğŸ¾ğŸ¥‚ https://t.co/JN3fjyKQ5v
Wed Feb 12 16:35:16 +0000 2020,RT @NetflixFilm: Taylor Swift and MISS AMERICANA director Lana Wilson discuss the magic of capturing her songwriting sessions on film. httpâ€¦
Fri Feb 07 17:09:41 +0000 2020,#TheManLyricVideo is out now! https://t.co/AuS7exiv4n https://t.co/3aMvdBve17
Thu Feb 06 22:16:59 +0000 2020,#TheManLyricVideo out tomorrow at Noon EST https://t.co/a7D6ZTONGn
Thu Feb 06 17:05:36 +0000 2020,"Itâ€™s an honor to get to work with such an incredible team, especially when it comes to my favorite thing in the world: songwriting. ğŸ¶ğŸ˜„ &amp; swipe photos to see one of my other fav things: a fluffy floofy cat."
Thu Feb 06 17:05:35 +0000 2020,Jody is an advocate for womenâ€™s empowerment and one of the most-respected and accomplished industry leaders. Troy Tomlinson has been an amazing part of my team for over half my life and a passionate torchbearer for songwriters.
Thu Feb 06 17:05:35 +0000 2020,"Iâ€™m proud to extend my partnership with Lucian Grainge and the Universal Music family by signing with Universal Music Publishing Group, and for the opportunity to work with Jody Gerson, the first woman to run a major music publishing company. https://t.co/DJJRd9BQIx"
Fri Jan 31 13:06:31 +0000 2020,#MissAmericana is on @NetflixFilm! Iâ€™m excited for you to see it. I want to thank Lana Wilson for her curiosity &amp; for wanting to make this film. Itâ€™s wild to be sharing so much of my life because itâ€™s scary to be vulnerable! (understatement of the century) https://t.co/Ot56y6jnCs https://t.co/U40wFv82JL
Thu Jan 30 02:53:46 +0000 2020,For a limited time #MissAmericana will be playing in select theaters - tickets available at https://t.co/I4b7yZZZssÂ ğŸ‰ And stream it globally on @NetflixFilm January 31! https://t.co/AzWG6WYkST
Mon Jan 27 19:23:42 +0000 2020,â˜ƒï¸â„ï¸Sundance was as snowy and fun as this photo shoot foreshadowedâ„ï¸â˜ƒï¸ Thank you so much @Variety @ChrisWillman @shirleyhalperin for this cover/interview and Mary Ellen Matthews for taking these pics. Canâ€™t wait for Jan 31 when #MissAmericana comes out on @NetflixFilm! https://t.co/Pq4U6l5nKs
Sun Jan 26 21:29:18 +0000 2020,"My heart is in pieces hearing the news of this unimaginable tragedy. I canâ€™t fathom what the families are going through. Kobe meant so much to me and to us all. Sending my prayers, love, and endless condolences to Vanessa and the family and anyone who lost someone on that flight."
Wed Jan 22 15:38:14 +0000 2020,"Miss Americana - Official Trailer Â· Itâ€™s been a long time coming âœ¨ Out in select theaters and on @NetflixFilm January 31
https://t.co/Ot56y6jnCs https://t.co/lGp1mDvBJI"
Wed Jan 15 22:23:28 +0000 2020,"Miss Americana ğŸ¬ January 31 on @NetflixFilm

https://t.co/Ot56y6jnCs https://t.co/hrnxN5IxuY"
Tue Dec 24 17:04:30 +0000 2019,"Absolutely loved reliving the making of Lover - Diary of a Song with @joecoscarelli @nytimes ğŸ’˜
https://t.co/1MMc6MLTub https://t.co/kovFAhhOZH"
Mon Dec 23 14:07:20 +0000 2019,The Making of #ChristmasTreeFarm â€¢ 24 hours and a lot of xmas spiritÂ ğŸ„ https://t.co/hY0VvyVp4Q
Wed Dec 18 15:46:12 +0000 2019,Walked into the studio to a surprise birthday party from these two @jackantonoff &amp; Laura Sisk - itâ€™s equally wild and cozy to think it was the three of us in a room making a song called Lover here last year. â™¥ï¸ https://t.co/C9Q05p75S6
Tue Dec 17 04:14:01 +0000 2019,"Claws out, kitties. ğŸˆ https://t.co/jnC1rjs2h8"
Mon Dec 16 18:11:39 +0000 2019,How To Be A Cat â€¢ Go see #CatsMovie in theaters December 20 (if youâ€™re feline up for it ğŸ˜») https://t.co/1T08VbFzKf
Sun Dec 15 17:11:14 +0000 2019,"RT @GlastoFest: ""Sheâ€™s one of the biggest stars in the world and her songs are absolutely amazing. Weâ€™re so delighted.â€ 

Taylor Swift. Sunâ€¦"
Sun Dec 15 16:59:17 +0000 2019,Iâ€™m ecstatic to tell you that Iâ€™ll be headlining Glastonbury on its 50th anniversary - See you there! ğŸ’‹ https://t.co/2gJ40mEiDH
Sat Dec 14 17:09:54 +0000 2019,"Honestly spending my 30th with the fans who have made my life what it is at jingle ball, then throwing the most aggressive holiday party known to womankind... I just.. seriously feel so lucky and will spend forever trying to find ways to say thank you. *cries in Christmas tree* https://t.co/40RSnRGcPm"
Sat Dec 14 16:48:10 +0000 2019,Happy birthday but make it santa ğŸ… https://t.co/kozpqXMEyi
Sat Dec 14 16:10:01 +0000 2019,Fur real guys this was my cake ğŸ‚ https://t.co/txakhqkaMv
Fri Dec 13 14:21:41 +0000 2019,RT @jamesblake: Oh and @taylorswift13 made a great speech about the gender imbalance in the industry and everybody should see it
Fri Dec 13 05:08:28 +0000 2019,WHOâ€™S GONNA TELL HER SHEâ€™S THIRTAY NOW ğŸ§ https://t.co/PChgBjOxwB
Wed Dec 11 22:56:24 +0000 2019,"When youâ€™re pretttttty sure that if you were a man, youâ€™d be the man ğŸ’…
ğŸ“·: Sami Drasin https://t.co/rjJesldpEQ"
Wed Dec 11 21:58:25 +0000 2019,"If it donâ€™t fits I still sits - small wooden box edition ğŸ’‹
ğŸ“·: Sami Drasin https://t.co/3w9TTzqmSS"
Wed Dec 11 21:33:40 +0000 2019,HEY THANKS @BILLBOARD ğŸ™ it was a whole entire party chatting with @jasonlipshutz and Sami Drasin killed it with these photos!! Thank you so much for this honor. ğŸ˜¸ https://t.co/jdZcDhDqsF
Tue Dec 10 17:44:51 +0000 2019,"âœ¨âœ¨âœ¨âœ¨âœ¨âœ¨âœ¨âœ¨âœ¨âœ¨âœ¨âœ¨âœ¨ @people ğŸ“¸ Miller Mobley

https://t.co/Byai8sFql1 https://t.co/hP8EEP9Jbf"
Tue Dec 10 14:36:42 +0000 2019,"Throwback to my first day on the set of @catsmovie. Basically, Bombalurina is one of those really mischievous cats you see in internet videos who has figured out how to open human doors ğŸšª https://t.co/pBo11uCN40"
Mon Dec 09 14:45:29 +0000 2019,"I ended up spending many days on set watching the other performers do their scenes. Watching the character Victoria, played by Frankie Hayward inspired me so much and Beautiful Ghosts was the result. Congrats to my co-writer and buddy 4 life @OfficialALW. This is just purrfect ğŸ˜¸"
Mon Dec 09 14:45:28 +0000 2019,"I woke up today to the news that Beautiful Ghosts is nominated for a Golden Globe - itâ€™s so cool that one of the most fun, fulfilling creative experiences Iâ€™ve ever had is being honored in this way by the HFPA. https://t.co/f8Ypo3b9VW"
Fri Dec 06 20:01:53 +0000 2019,Here we are on said Xmas tree farm. And I just want to say that my parents are the real 90â€™s fashion icons. I have spoken. https://t.co/jtXGXb7raq
Fri Dec 06 18:27:07 +0000 2019,Time to get Spoti-festive! ğŸŒ²ğŸ„â™¥ï¸ https://t.co/wzh258CMY2
Fri Dec 06 18:21:37 +0000 2019,"Yes. Indeed. Every time you add this song, somewhere a cat wearing a Santa hat smiles. ğŸ…ğŸ˜¸ğŸ„ https://t.co/qjZKKJaIGH"
Fri Dec 06 18:18:29 +0000 2019,All I want 4 Christmas is to be that voice you hear faintly in the distance in the mall engulfed in jingly jingle bells ğŸ™ https://t.co/2r3wBZayGU
Fri Dec 06 18:13:47 +0000 2019,"Itâ€™s rumored that if you say â€œAlexa, play the new Taylor Swift on @amazonmusicâ€ out loud, it will make Santa like you more. ğŸ¤·â€â™€ï¸âœ¨ğŸ…ğŸ“œ https://t.co/SsNfcgZX3R"
Fri Dec 06 05:08:48 +0000 2019,"I actually did grow up on a Christmas tree farm. In a gingerbread house, deep within the yummy gummy gumdrop forest. Where, funnily enough, this song is their national anthem. #ChristmasTreeFarm song and video out now ğŸ„https://t.co/p9Hk8blYpS https://t.co/rTdGd1wIhK"
Thu Dec 05 13:18:23 +0000 2019,"When in doubt, ask the itty bitty pretty kitty committee. When they shun you with silence, ambivalence, and judgmental brush offs... just put the song out anyway. NEW XMAS SONG AND VIDEOÂ (made from home videos ğŸ‘¨â€ğŸ‘©â€ğŸ‘§â€ğŸ‘¦)Â OUT TONIGHT #ChristmasTreeFarm ğŸŒ²ğŸ„ğŸŒ²ğŸ„ğŸŒ²ğŸ„ğŸŒ²ğŸ„ğŸŒ²ğŸ„ğŸŒ²ğŸ„ğŸŒ² https://t.co/GdlnCAKDLF"
Wed Dec 04 17:58:27 +0000 2019,Sock Appreciation Post ğŸ§¦ https://t.co/xCAxNKKHei
Wed Dec 04 15:19:17 +0000 2019,"Thank you @people, @chiumelo, @danwakeford, and ğŸ“¸ Miller Mobley ğŸ˜ƒ https://t.co/Byai8sFql1 https://t.co/jObmAHcuuS"
Sun Dec 01 17:24:39 +0000 2019,This is the one face I made that day https://t.co/fHtArFIxXZ
Sun Dec 01 17:18:29 +0000 2019,Bored girl at the holiday party. https://t.co/RUgz1CmaiJ
Sun Dec 01 17:05:25 +0000 2019,"HEY @britishvogue! Itâ€™s always a dreamscape of creativity &amp; hilarity working with @Edward_Enninful but putting him together with @patmcgrathreal = the funniest wildest shoot Iâ€™ve been on ğŸ˜¹ Love this team, so grateful for everyone involved Craig McDean, @GuidoPalau, @JillDemling https://t.co/AOUTCid4fG"
Tue Nov 26 05:22:34 +0000 2019,"So excited to release the new version of Lover, the First Dance Remix - based on the arrangement of the AMAs performance! https://t.co/EnaBoNK2OT https://t.co/9avGusDmy0"
Mon Nov 25 07:52:34 +0000 2019,I was up there because of you and I know that every minute of every day â¤ï¸ photo by ğŸ“¸ Kevin Winter https://t.co/k9RW2qWdMo
Mon Nov 25 07:27:46 +0000 2019,Hi guys have I told you lately that I LOVE YOU https://t.co/Up8XXD1XvJ
Sat Nov 23 03:28:19 +0000 2019,@paginaskinner @reidoburrito95 @TeenVogue This just made me SO emotional. @reidoburrito95 I canâ€™t tell you how honored I am that my song has been even a small part in your journey. You did the brave thing and stood up for your truth ğŸ‘ğŸ‘ğŸ‘ğŸ‘ğŸ‘ğŸ‘ğŸ‘ğŸ‘ğŸ‘ğŸ‘ğŸ‘ğŸ‘ğŸ‘
Fri Nov 22 23:10:09 +0000 2019,"The lyric video for the Lover remix is here and sheâ€™s wintery cute check her out ğŸŒ¨â„ï¸â˜ƒï¸ @ShawnMendes 

https://t.co/YoswDVz4U3 https://t.co/k7dzL7CY3v"
Thu Nov 14 23:35:53 +0000 2019,Donâ€™t know what else to do https://t.co/1uBrXwviTS
Thu Nov 14 13:17:43 +0000 2019,â€œBeautiful Ghostsâ€ out tomorrow at 12:01 a.m. EST ğŸ˜º @catsmovie https://t.co/nZ5ncd3yki
Wed Nov 13 12:13:40 +0000 2019,"Well guys it finally happened: WE DID A COLLABORASHAWN. Sending out a whole entire THANKS BUDDY to @ShawnMendes rn -
Iâ€™m so stoked that our remix of Lover is out NOW!

https://t.co/BOxfgBKv1a https://t.co/0dFyd1Lk5O"
Tue Nov 12 16:07:10 +0000 2019,According to my jet lag it is one hundred o clock celsius. https://t.co/F4rNMwFkNl
Mon Nov 11 14:01:08 +0000 2019,Dressing room is lit https://t.co/dYCmiCWNLe
Sun Nov 10 17:47:35 +0000 2019,"If it donâ€™t fits, I still sits. https://t.co/7HwaEGWrT5"
Sat Nov 09 03:35:59 +0000 2019,ğŸ¬ğŸ’•pretty city ğŸ­ğŸŒ¸ https://t.co/mBIBfrbFMm
Fri Nov 08 05:17:58 +0000 2019,RT @taylornation13: The Taylor Swift Eras Collection is available NOW until Monday at Noon EST! ğŸ’— Shop here: https://t.co/EojDc5P99d https:â€¦
Thu Nov 07 13:04:03 +0000 2019,Earring said SMILE but I stay smirking. ğŸ˜ https://t.co/g0R19uKl1t
Thu Nov 07 03:12:36 +0000 2019,Ya could I get these to go? @ntv_sukkiri https://t.co/tNCS9pJTCp
Thu Nov 07 02:01:05 +0000 2019,CONGRATULATIONS!!!! ğŸ’—ğŸ’—ğŸ’—ğŸ’—ğŸ’—ğŸ’—ğŸ’—ğŸ’—ğŸ’—ğŸ’—ğŸ’—ğŸ’—ğŸ’— https://t.co/laPfuMRkaH
Thu Nov 07 00:21:45 +0000 2019,"ğŸ’— Tokyo is for Lovers ğŸ’—

ğŸ“·: Kayoko Yamamoto https://t.co/VVDqh1uAI5"
Wed Nov 06 22:04:44 +0000 2019,S/O to all the moms whose adult daughters ask them to take a pic in a hotel hallway bc theyâ€™re feeling their outfit - youâ€™re the real mvps ğŸ… https://t.co/ksdwvN58tL
Wed Nov 06 06:12:16 +0000 2019,Have arrived in the land of cat cafes and eternal cuteness TOKYO HI ğŸ’•ğŸŒ¸ğŸ­ğŸ¬ğŸ† Iâ€™m off to stare into pastel aquariums and hug all the people CANâ€™T WAIT TO SEE YOU GUYS LATER! https://t.co/M2uvgIHe4i
Wed Nov 06 00:38:24 +0000 2019,You heard it here first ğŸ‘½ ğŸ˜‡ ğŸ¶ Watch us on @NBCTheVoice at 8/7c tonight! @kellyclarkson https://t.co/s1P8ywYsXB
Mon Nov 04 23:51:12 +0000 2019,"RT @KellyClarksonTV: ğŸ¶ Is it too soon to do this yet? ğŸ¶ To celebrate #TaylorOnTheVoice, giving you an early look at tomorrow's @TaylorSwiftâ€¦"
Mon Nov 04 22:36:00 +0000 2019,Playing with filters and yelling with the Legend himself. Tune in to @NBCTheVoice tonight at 8/7c! @johnlegend https://t.co/OG5AZ8XCjr
Fri Nov 01 00:49:24 +0000 2019,ğŸ’˜ğŸ’˜ğŸ’˜ğŸ’˜ğŸ’˜ğŸ’˜ğŸ’˜ğŸ’˜ğŸ’˜ğŸ’˜ğŸ’˜ğŸ’˜ğŸ’˜ https://t.co/niz0c7cJPS
Fri Nov 01 00:45:53 +0000 2019,ğŸƒğŸƒğŸƒğŸƒğŸƒğŸƒğŸƒğŸƒğŸƒğŸƒğŸƒğŸƒğŸƒ https://t.co/6uEwLV6Q1t
Fri Nov 01 00:44:21 +0000 2019,ğŸ‘ğŸ‘ğŸ‘ğŸ‘ğŸ‘ğŸ‘ğŸ‘ğŸ‘ğŸ‘ğŸ‘ğŸ‘ğŸ‘ğŸ‘ https://t.co/YiN24V0Js6
Fri Nov 01 00:43:31 +0000 2019,ğŸ’—ğŸ’—ğŸ’—ğŸ’—ğŸ’—ğŸ’—ğŸ’—ğŸ’—ğŸ’—ğŸ’—ğŸ’—ğŸ’—ğŸ’— https://t.co/eATA5z9DVG
Wed Oct 30 18:36:13 +0000 2019,"We talked emo bands, favorite lyricists (hey @petewentz &amp; @LanaDelRey), zingers, and soooo much more. Full interview with @zanelowe is live on @Beats1 @AppleMusic! ğŸ’•Â https://t.co/iUYnqqsfum https://t.co/thzhTnRZcS"
Tue Oct 29 22:35:10 +0000 2019,Catch us on @NBCTheVoice tonight at 8/7c! @gwenstefani ğŸ’— https://t.co/Njhql62zDf
Tue Oct 29 18:47:47 +0000 2019,"Hug your cat today. Or donâ€™t, if your cat hates hugs. But anyway. Happy #NationalCatDay from me, Olivia, Meredith, and Benjamin. ğŸ˜¸ğŸ˜¸ğŸ˜¸ğŸ‘±ğŸ»â€â™€ï¸ https://t.co/hCaiDJwF6Y"
Mon Oct 28 21:39:52 +0000 2019,I was promised Lively ğŸ¤·ğŸ¼â€â™€ï¸ But Shelton is cool too. SO excited to be on @NBCTheVoice with @blakeshelton tonight at 8/7c! https://t.co/haSdVflANG
Fri Oct 25 19:30:01 +0000 2019,"Talked with @zanelowe aboutÂ @catsmovieÂ + my original song for the film ""Beautiful Ghosts"" ğŸŒŸ Watch the clip now - but we talked about a lot more than that so listen to our full conversation coming next Wednesday on @AppleMusic @Beats1! https://t.co/DQfrgHDvNa https://t.co/iTbxGVXVPR"
Fri Oct 25 00:26:11 +0000 2019,I was so excited when @OfficialALW asked me to write an original song with him for @catsmovie. â€œBeautiful Ghostsâ€ is performed in the film by the extraordinary Francesca Hayward who plays â€œVictoriaâ€ &amp; reprised by Dame Judi Dench (!!!!!) who plays â€œOld Deuteronomyâ€ ğŸ˜º Coming soon! https://t.co/97Hjk2nlfR
Thu Oct 24 23:02:19 +0000 2019,@GiphyPop Because it is. ğŸ’â€â™€ï¸ https://t.co/mMjEra8o8y
Thu Oct 24 19:40:51 +0000 2019,"Because of you, there was a 2nd 3rd 4th 5th 6th and 7th album. You guys made me into a headliner because you wanted to see me play. And your support all these years is whatâ€™s helped me stay true to that kid I was when I started out. #13YearsOfTaylor"
Thu Oct 24 19:40:51 +0000 2019,"I said in an interview 13 years ago ""I'm just hoping that I have a second album that does as well as the first &amp; someday get to be a headliner, &amp; always be the same person that I started out as.â€ Scrolling through your posts has me feeling all the feelings &amp; I want to thank you. https://t.co/nlnjqQgmIL"
Wed Oct 23 21:39:11 +0000 2019,Be sure to watch next week! ğŸ’—ğŸ˜ºğŸ’— https://t.co/pMrjKbisN9
Fri Oct 11 16:26:12 +0000 2019,"Tiny desk, BIG mood. Thank you @NPR for that awesome experience, I canâ€™t wait to relive it when #tinydesk comes out! ğŸ“· @BobBoilen https://t.co/P3LdI2wXXU"
Tue Oct 08 21:54:59 +0000 2019,ğŸ¤—ğŸ’—ğŸ‘ https://t.co/yU5eZ2GeVl
Tue Oct 08 20:47:04 +0000 2019,"ğŸ’›ğŸ’šğŸ’œğŸ’—ğŸ’œğŸ’šğŸ’›

ğŸ“·: Mary Ellen Matthews https://t.co/AoH0UEPM0k"
Mon Oct 07 16:34:07 +0000 2019,"Had the best time playing Lover on @nbcsnl exactly the way I wrote it, on piano in a quiet moment. A huge thank you to Lenny Pickett for playing on False GodğŸ·! Phoebe was excellent as host &amp; Mary Ellen Matthews is always awesome to work with. Make sure to watch Camila next week! https://t.co/zQ22GdFvDI"
Fri Oct 04 15:56:46 +0000 2019,"RT @taylornation13: The #Lover 2-Disc Color Vinyl Set is available for pre-order now ğŸ’˜ 

Pre-order here: https://t.co/8A28vNRUXo https://t.â€¦"
Sat Sep 21 13:49:12 +0000 2019,"Threw out our cloaks and our daggers because itâ€™s morning now.. ğŸ’œ 

ğŸ“·: Erik Madigan Heck https://t.co/woz8zpzjtw"
Wed Sep 18 18:25:09 +0000 2019,"Itâ€™s blue, the feeling I got ğŸ’™

ğŸ“·: Erik Madigan Heck https://t.co/vlHis2SMIU"
Wed Sep 18 14:38:20 +0000 2019,"Itâ€™s golden, like daylight ğŸ’›

ğŸ“·: Erik Madigan Heck https://t.co/TKjINyd9KZ"
Wed Sep 18 12:30:39 +0000 2019,"I hadnâ€™t done a @RollingStone cover in 5 years, and hadnâ€™t seen @hiattb since I got in 2 car crashes while driving him around during our interview in 2012. ğŸ¤¦â€â™€ï¸ There were no cars driven this time, but we had a lot to catch up on. 
ğŸ“·: Erik Madigan Heck
https://t.co/NAFBh0pUgI https://t.co/fwbRYouo8r"
Tue Sep 17 14:29:05 +0000 2019,"The Lover album is open fields, sunsets, + SUMMER. I want to perform it in a way that feels authentic. I want to go to some places I havenâ€™t been and play festivals. Where we didnâ€™t have festivals, we made some. Introducing, Lover Fest East + West! https://t.co/xw6YMN38WE https://t.co/IhVPQ8DMUG"
Mon Sep 16 16:08:24 +0000 2019,ğŸ’˜ğŸ’˜ğŸ’˜ğŸ’˜ğŸ’˜ğŸ’˜ğŸ’˜ğŸ’˜ğŸ’˜ğŸ’˜ğŸ’˜ğŸ’˜ğŸ’˜ https://t.co/TCPqUFxk1J
Mon Sep 09 22:28:58 +0000 2019,"Got to play some new songs from Lover acoustic tonight, this was such an awesome way to celebrate this album finally being out in the world ğŸ¥°
ğŸ“·: @HogieDave // @GettyVIP https://t.co/P2ZQW9rWJQ"
Mon Sep 09 22:21:36 +0000 2019,"Tonight in Paris!!! Thank you to everyone who flew from all over the world to be at the City of Lover Concert! ğŸ’—ğŸ’—ğŸ’—
ğŸ“·: @HogieDave // @GettyVIP https://t.co/rXoCPKfIwb"
Mon Sep 02 17:55:23 +0000 2019,ğŸ™ğŸ˜­ğŸ’—ğŸ˜˜ğŸ’•ğŸ‰ğŸ˜† https://t.co/4GqZ8w7oJK
Sun Sep 01 18:06:19 +0000 2019,MY HEART EXPLODED INTO CONFETTI HEARTS THANK YOU ğŸ™ ğŸ’•ğŸ’•ğŸ’•ğŸ˜­ https://t.co/N7fUelR7cU
Sat Aug 31 16:03:42 +0000 2019,ğŸ’—ğŸ’—ğŸ’—ğŸ’—ğŸ’—ğŸ’—ğŸ’—ğŸ’—ğŸ’—ğŸ’—ğŸ’—ğŸ’—ğŸ’— https://t.co/uDkjW8uOzI
Fri Aug 30 16:15:41 +0000 2019,Listen to â€œLoverâ€ on the @AppleMusic #AListPop playlist ğŸ’• https://t.co/raS8IuBy9P https://t.co/TvrBJrFKIH
Thu Aug 29 20:59:08 +0000 2019,"Been sleeping so long in a twenty year dark night, but now I see daylight. ğŸŒ¸ https://t.co/8Hpvt5AoEE"
Thu Aug 29 20:53:36 +0000 2019,Itâ€™s nice to have a friend ğŸ¥° https://t.co/QBPkP1fXnY
Thu Aug 29 20:49:04 +0000 2019,I could never look away âœ¨ https://t.co/IZD2EVmOL2
Thu Aug 29 20:41:51 +0000 2019,Meet me in the afterglow ğŸ’˜ https://t.co/cdxp07JAH4
Thu Aug 29 20:38:33 +0000 2019,"I counted days, I counted miles...to see you there. ğŸ’— https://t.co/20FPwtfa3T"
Thu Aug 29 20:33:27 +0000 2019,And Iâ€™ll never let you GO cause I know this is a FIGHT that someday weâ€™re gonna WIN ğŸ’— https://t.co/iODaImf5iy
Thu Aug 29 16:55:40 +0000 2019,"Like a Tennessee Stella McCartney ğŸ’˜ The full #StellaxTaylorSwift line is available until midnight eastern tonight! 

https://t.co/Dsog51BDP6 https://t.co/PQIoilR7H1"
Thu Aug 29 04:20:09 +0000 2019,"RT @taylornation13: The full #StellaxTaylorSwift line is BACK for 24 hours! Donâ€™t miss out ğŸ’ 
Shop here: https://t.co/tUrS5DOWPr https://t.â€¦"
Wed Aug 28 20:52:00 +0000 2019,I can still see it all in my mind ğŸ’— https://t.co/9rMzqSzkEi
Wed Aug 28 20:44:43 +0000 2019,I look through the windows of this love ğŸ’• https://t.co/0YHKbnwAnt
Wed Aug 28 20:34:05 +0000 2019,This love is worth the fight â¤ï¸ https://t.co/TTJ6N1Ilkw
Wed Aug 28 20:24:34 +0000 2019,"We were a fresh page on the desk, filling in the blanks as we go ğŸ’— https://t.co/9wGs81eyV4"
Wed Aug 28 20:17:28 +0000 2019,Itâ€™s been a long time coming but... ğŸ’˜ https://t.co/n1WHYajSz3
Wed Aug 28 20:09:00 +0000 2019,Things will never be the same ğŸ’— https://t.co/UlMMLw2b5y
Wed Aug 28 17:40:47 +0000 2019,"Thank you!!! Itâ€™s the nicest feeling when someone sees your intention, so glad you like the journals ğŸ’˜ https://t.co/eMiYRvqlgz"
Wed Aug 28 16:41:31 +0000 2019,"â€œTaylor Swiftâ€™s diary entries are a must-read companion to Loverâ€ was a thing The New York Times said so hereâ€™s where you can get them, I mean they literally said you must read them so... https://t.co/whgqEZMAlq https://t.co/GeCicGvqyC"
Tue Aug 27 22:59:13 +0000 2019,Thank you ğŸ’•ğŸ’•ğŸ’•ğŸ’•ğŸ’•ğŸ’•ğŸ’•ğŸ’•ğŸ’•ğŸ’•ğŸ’•ğŸ’•ğŸ’• https://t.co/5GbaKdjyzT
Tue Aug 27 22:40:03 +0000 2019,Thank you ğŸ’˜ğŸ’˜ğŸ’˜ğŸ’˜ğŸ’˜ğŸ’˜ğŸ’˜ğŸ’˜ğŸ’˜ğŸ’˜ğŸ’˜ğŸ’˜ğŸ’˜ https://t.co/4uwNJohsUE
Tue Aug 27 22:37:15 +0000 2019,Thank you ğŸ’—ğŸ’—ğŸ’—ğŸ’—ğŸ’—ğŸ’—ğŸ’—ğŸ’—ğŸ’—ğŸ’—ğŸ’—ğŸ’—ğŸ’— https://t.co/2KEv4XhadQ
Tue Aug 27 22:08:12 +0000 2019,RT @Deezer: A celebration of love ğŸ’• ğŸ¦‹ @taylorswift13's new album #Lover is finally out ğŸ˜ Stream it here â–¶ï¸ https://t.co/PGxVkOI8QB https://â€¦
Tue Aug 27 21:26:16 +0000 2019,"Thereâ€™s a dazzling haze, a mysterious way about you dear...
ğŸ“·: @ShearerPhoto @GettyVIP https://t.co/Xl63m45BJp"
Tue Aug 27 20:58:20 +0000 2019,"Itâ€™s you and me, thereâ€™s nothing like this ğŸ’˜ https://t.co/JKS1O4rnzY"
Tue Aug 27 20:50:44 +0000 2019,"I once believed love would be burning red, but itâ€™s golden ğŸ’› https://t.co/09hzwQAVeu"
Tue Aug 27 20:44:20 +0000 2019,Threw out our cloaks and our daggers because itâ€™s morning now. ğŸ’— https://t.co/u1LqbgCKKd
Tue Aug 27 20:38:06 +0000 2019,They say the road gets hard and you get lost when youâ€™re led by blind faith..But we might just get away with it ğŸ’— https://t.co/W3aKhXThA7
Tue Aug 27 20:33:49 +0000 2019,"We bless the rains on Cornelia Street, memorize the creaks in the floor ğŸ’— https://t.co/s3Uze1fJtb"
Tue Aug 27 20:16:33 +0000 2019,"Thank you to the fans who voted, our excellent cast, @todrick , @drewkirsch and everyone who worked so hard on the You Need to Calm Down video. @vmas Video of the Year ğŸ¤¯ I MEAN JUST WOW GUYS YOU DID THAT HUH ğŸ™ğŸ™ğŸ‰
ğŸ“·: @KevinMazur // @GettyVIP https://t.co/WjD6muE3nv"
Mon Aug 26 20:28:16 +0000 2019,"Iâ€™ll tell you the truth, but never goodbye ğŸ’— https://t.co/xpgFpLHKtv"
Mon Aug 26 20:16:53 +0000 2019,"And I hope I never lose you, hope it never ends ğŸ’— https://t.co/7BhkCdssqB"
Mon Aug 26 20:06:57 +0000 2019,"Lost my gloves, you give me one. Wanna hang out? Yeah, sounds like fun ğŸŒ¸ https://t.co/byJsAuDcHT"
Mon Aug 26 19:59:11 +0000 2019,This ultraviolet morning light below tells me this love is worth the fight ğŸ’— https://t.co/fo8M7j5h6e
Mon Aug 26 19:59:11 +0000 2019,This ultraviolet morning light below tells me this love is worth the fight ğŸ’— https://t.co/fo8M7j5h6e
Mon Aug 26 19:50:55 +0000 2019,Just wanna lift you up and not let you go ğŸ’˜ https://t.co/A3UPmodaU1
Mon Aug 26 19:43:06 +0000 2019,"Barefoot in the kitchen, sacred new beginnings that became my religion. Listen. ğŸ’˜ https://t.co/AojqFASa3A"
Mon Aug 26 17:31:40 +0000 2019,"Ever since I saw Fleabag, Iâ€™ve been all â€˜I canâ€™t wait to see this woman host @nbcsnlâ€™ and itâ€™s happening now + I get to be there too = I am in shambles. ğŸ˜­ğŸ™ Oct 5th ğŸ¥³ğŸ‰ https://t.co/VcZeuXWKuc"
Sun Aug 25 21:03:39 +0000 2019,"I think we *all* know how I feel about sequins âœ¨ @StellaMcCartney

New pieces are being added to the online store every day so keep checking back: https://t.co/zSHpnhUlLb https://t.co/SsLhOIcHPY"
Sun Aug 25 19:47:11 +0000 2019,I get mystified by how this city screams your name.ğŸ’˜ https://t.co/l2d5C1vLMX
Sun Aug 25 19:38:14 +0000 2019,Iâ€™m crazier for you than I was at sixteen. ğŸ’— https://t.co/VAGsMMUmcW
Sun Aug 25 19:33:03 +0000 2019,"I want to drive away with you, I want your complications too ğŸ’— https://t.co/dnL2iBHZhW"
Sun Aug 25 19:25:09 +0000 2019,Iâ€™m with you even if it makes me blue ğŸ’™ https://t.co/RuLE1qOlWt
Sun Aug 25 19:15:08 +0000 2019,"Honey without all the exes fights and flaws, we wouldnâ€™t be standing here so tall. ğŸ’˜ https://t.co/S75cgE07A0"
Sun Aug 25 19:06:21 +0000 2019,You know I adore you ğŸ’— https://t.co/YWgZM20Dco
Sun Aug 25 17:59:54 +0000 2019,RT @pandoramusic: An album full of love ğŸ’˜ Listen to @taylorswift13â€™s #Lover now: https://t.co/KZfzPDrQ9s âœ¨ #TaylorSwift https://t.co/xsM1o8â€¦
Sat Aug 24 22:58:16 +0000 2019,Stopped by the NYC pop up shop to celebrate Lover with the people who have made this week so insanely fun. Shout out to @CapitalOne for making the shop so NICE ğŸ’– Love you guys so much! EVERYONE LOOKS SO CUTE IN THEIR STELLAxTS MERCH https://t.co/6aGjEkydTB
Sat Aug 24 20:47:14 +0000 2019,"I scream â€œFor whatever itâ€™s worth, I LOVE YOU AINT THAT THE WORST THING YOU EVER HEARD?â€ ğŸ’— https://t.co/EWUGqWsTsM"
Sat Aug 24 20:34:18 +0000 2019,"Shiny toy with a price, you know that I bought it ğŸ¥³ğŸ’—ğŸ˜‚ https://t.co/4QRHUx7Ob0"
Sat Aug 24 20:26:29 +0000 2019,"We could follow the sparks, Iâ€™ll drive ğŸ’— https://t.co/4JMwl9Ae0K"
Sat Aug 24 20:20:44 +0000 2019,Good ones never wait ğŸ’— https://t.co/cnAiFk687j
Sat Aug 24 20:15:21 +0000 2019,Who could stay? You could stay. ğŸ’— https://t.co/vkeCfulS8Q
Sat Aug 24 20:09:52 +0000 2019,"This is our place, we make the rules. ğŸ’— https://t.co/qz2DjfJwXe"
Sat Aug 24 20:05:36 +0000 2019,"Fever dream high in the quiet of the night, you know that I caught it... ğŸ’— https://t.co/sOqXgcz6v5"
Sat Aug 24 19:18:25 +0000 2019,I think the fishbowl scene is my favorite metaphor in the Lover video. And guys.. Iâ€™ve performed on stage with Christian Owens for years. Heâ€™s unbelievably talented and it was so amazing to have him in the Lover music video! https://t.co/ZDddeb9Ech https://t.co/5Jg3EvANPQ
Sat Aug 24 02:09:55 +0000 2019,"Had to go see the mural in person and it turns out sheâ€™s GLORIOUS. Thank you @spotify, itâ€™s been an honor revealing new lyrics with you all week ğŸ¥°
ğŸ“·: @KevinMazur @gettyimages https://t.co/jbC2Ddqi6H"
Fri Aug 23 21:35:36 +0000 2019,@halsey CONFIRMED.Â Â ğŸ¤
Fri Aug 23 20:18:51 +0000 2019,WHAT IS LIFE EVEN https://t.co/ir7XDx4eSl
Fri Aug 23 19:50:07 +0000 2019,"And I snuck in through the garden gate, every night that summer just to seal my fate // Stream Lover on @youtubemusic! https://t.co/hM1b1jljTG"
Fri Aug 23 13:41:53 +0000 2019,Listen to â€œThe Manâ€ on @AppleMusicâ€™s #NewMusicDaily playlist âœ¨ https://t.co/LORdO60cDw https://t.co/Nao53qS2jK
Fri Aug 23 04:05:22 +0000 2019,"This album is very much a celebration of love, in all its complexity, coziness, and chaos. Itâ€™s the first album of mine that Iâ€™ve ever owned, and I couldnâ€™t be more proud. Iâ€™m so excited that #Lover is out NOW: https://t.co/t7jK7XmEqa https://t.co/NMgE7LTdGZ"
Fri Aug 23 03:31:04 +0000 2019,#Lover out in 30 minutes! https://t.co/uxzMjfmhfG
Thu Aug 22 23:20:44 +0000 2019,"RT @iHeartRadio: Starting at midnight, listen to a brand new @taylorswift13 song every hour on select iHeartRadio stations! Tomorrow, tuneâ€¦"
Thu Aug 22 21:49:35 +0000 2019,"And so it goes, you two are dancing in a snow globe round and round... The Lover music video is out now! https://t.co/wTViSunbi3 https://t.co/mV0BXZ92QY"
Thu Aug 22 15:45:38 +0000 2019,"A fun thing is happening! Learn how to remix You Need to Calm Down in select Apple Stores at the #todayatapple Music Lab. ğŸ¶
https://t.co/sMdfHHXtrD @AppleMusic https://t.co/c7zEOSJEMp"
Wed Aug 21 21:09:41 +0000 2019,"RT @GMA: RT if youâ€™re as excited as we are for #TaylorSwiftOnGMA TOMORROW! ğŸ¦‹ğŸ’˜ 

@TaylorSwift13
https://t.co/TTaJsnyitK https://t.co/eJZ52Goâ€¦"
Wed Aug 21 00:22:18 +0000 2019,"3 days until Lover!!! â¤ï¸â¤ï¸â¤ï¸ 

Pre-add it on @AppleMusic 
https://t.co/Xsi1jZGa3O"
Tue Aug 20 19:47:32 +0000 2019,#StellaxTaylorSwift ğŸ’˜ Itâ€™s been SO fun to dream up cute stuff with @StellaMcCartney to create a line inspired by my new album. Canâ€™t wait to show you what we've been working on at the @YouTube Live on 8/22 at 5p ET! More info at https://t.co/zv4KOzZAvB + https://t.co/JdABzXWRu0 https://t.co/OWbMRrGglx
Tue Aug 20 13:30:08 +0000 2019,Sharing some never-before-heard lyrics from the new album every day + some of my favorite love songs on the Lover Enhanced Album playlist on @Spotify ğŸ˜» https://t.co/p0v6FBhyHk https://t.co/QXbUt1lMPC
Mon Aug 19 16:53:42 +0000 2019,"- @amazonmusic: what color lips would you like for this commercial?

- Me: yes https://t.co/U636ofm97w"
Sun Aug 18 16:00:05 +0000 2019,Okay NOW there are five holes in the fence ğŸ˜¬ğŸ˜ºğŸ’‹ https://t.co/I5093bDJaF
Sat Aug 17 18:08:45 +0000 2019,Grinning at this tweet!! And always in awe of your music ğŸ’—ğŸ’—ğŸ’—ğŸ’—ğŸ’—ğŸ’—ğŸ’—ğŸ’—ğŸ’—ğŸ’—ğŸ’—ğŸ’—ğŸ’— https://t.co/0w8uOHSOYm
Sat Aug 17 18:07:12 +0000 2019,ARE YOU KIDDING ME THIS IS THE NICEST THING ANYONE HAS EVER SAID - youâ€™re just the best and so kind to say this ğŸ˜­ğŸ’•ğŸ™ğŸ˜» https://t.co/y3z1JzSejX
Fri Aug 16 19:34:47 +0000 2019,"LoverğŸ’• Friday, August 23. 

Pre-add, pre-save, pre-order: https://t.co/AdsErGvGS1 https://t.co/PbxN49rYEh"
Fri Aug 16 18:38:32 +0000 2019,Thereâ€™s a dazzling haze... https://t.co/elbgJ1r948
Fri Aug 16 04:30:22 +0000 2019,"Have I known you 20 seconds or 20 years?

https://t.co/4grpRXSh7G https://t.co/EBoZXIbORm"
Thu Aug 15 18:14:02 +0000 2019,New song â€œLoverâ€ is out tonight at midnight eastern! ğŸ’˜ The music video will premiere after a very exciting @YouTube Live situation on August 22 at 5pm eastern! https://t.co/QynoYgkqQ7
Tue Aug 13 15:07:51 +0000 2019,ğŸ’—ğŸ’—ğŸ’—ğŸ’—ğŸ’—ğŸ’—ğŸ’—ğŸ’—ğŸ’—ğŸ’— https://t.co/dMxVzYGxgG
Mon Aug 12 03:04:06 +0000 2019,"The thirteens really jumped out. ğŸ’—@alexmorgan13 

 ğŸ“¸ @KevinMazur https://t.co/lmBydAQRyp"
Sun Aug 11 21:28:43 +0000 2019,Threw a party to celebrate with the people who made the ME! &amp; YNTCD videos with me- and we had so much fun that â€˜Drunk Taylorâ€™ is trending on Twitter. CHEERS. ğŸ˜†ğŸ¾ğŸ‘ğŸ‘ https://t.co/HPvQlSDSBM
Sun Aug 11 00:07:54 +0000 2019,ğŸŒ´ğŸŒ´ğŸŒ´ğŸŒ´ğŸŒ´ğŸŒ´ğŸŒ´ğŸŒ´ğŸŒ´ğŸŒ´ğŸŒ´ğŸŒ´ğŸŒ´ https://t.co/atH7d2Xk94
Fri Aug 09 02:52:34 +0000 2019,Canâ€™t stop wonâ€™t stop twinning with Paddington. ğŸ» https://t.co/ES9ufw8ZD8
Thu Aug 08 23:10:25 +0000 2019,Iâ€™d be a fearless leader. Iâ€™d be an alpha type. https://t.co/bzIchKUtJB
Thu Aug 08 18:05:09 +0000 2019,ğŸ’˜ https://t.co/levuCpqV94
Thu Aug 08 15:07:00 +0000 2019,"Wanted to thank @abby_aguirre for writing such a thoughtful piece and for diving into my pastel cryptic world of hints, Easter eggs, and numerology. We also talked about sexism, equality, and all things Lover. I ate an entire cheese plate by myself. On stands soon-ish. https://t.co/n9vP3Vbpql"
Thu Aug 08 14:08:28 +0000 2019,"My heartâ€™s been borrowed and yours has been blue. Allâ€™s well that ends well, to end up with you. ğŸ’™ https://t.co/CECesxb8do"
Thu Aug 08 13:11:22 +0000 2019,"WELL SO THIS IS A THING THATâ€™S HAPPENING. September issue of @voguemagazine and Iâ€™m so so so grateful to Anna, Tonne Goodman, Sergio Kletnoy and basically anyone who was like â€˜yeah she can be on the Sept issue coverâ€™. What an amazing experience shooting with @inezandvinoodh. https://t.co/Aj7ocN6VLg"
Wed Aug 07 22:27:07 +0000 2019,ğŸ’• https://t.co/XVgtNCXWmT
Mon Aug 05 19:21:04 +0000 2019,ğŸ’• https://t.co/OubigHdps6
Sat Aug 03 08:02:21 +0000 2019,ğŸ’• https://t.co/zQ4DUaRCD7
Thu Jul 25 21:10:18 +0000 2019,What if Iâ€™m alright right here? https://t.co/nHWcaSVPAM
Wed Jul 24 17:07:26 +0000 2019,RT @taylornation13: 10 @vmas nominations! Vote for @taylorswift13 10 times a day per category at https://t.co/2crRvoRwdU ğŸ’ #VMAs https://t.â€¦
Tue Jul 23 21:57:52 +0000 2019,"So excited to show you the deluxe versions of Lover! 

You can get it at @Target in the US or on my website! Cheers! https://t.co/tY7Fw1lC9r https://t.co/Qi8IqmcDlB"
Tue Jul 23 21:25:11 +0000 2019,"Iâ€™ve been the archer
Iâ€™ve been the prey
Who could ever leave me darling...
But who could stay?

https://t.co/9q09bUXJlX https://t.co/b2hZ2cHfkf"
Mon Jul 22 15:10:07 +0000 2019,"Iâ€™m going live on Instagram tomorrow, July 23 at 5pm ET! I have some stuff Iâ€™m reeeeeally excited to tell you about, including some info on this Easter egg right here. ğŸ¹ğŸ¯ğŸ‘€â¬†ï¸ https://t.co/uxNYCgZ0Tz"
Thu Jul 18 21:16:45 +0000 2019,I am a cat now and somehow that was everything #CatsMovie https://t.co/80gZHpvzMW
Thu Jul 18 16:12:10 +0000 2019,"Behind the scenes with my ğŸ’•YNTCD Taylor Park neighbors ğŸ’•
@adaripp @harto @dex_rated @todrick

ğŸ¥: https://t.co/GNo2MxC3hV https://t.co/uacbRcLXbd"
Wed Jul 17 16:25:06 +0000 2019,"Hereâ€™s a first look inside #CatsMovie. Trailer FRIDAY! ğŸ˜º
https://t.co/VTa6qO1g9h https://t.co/1NHqKrKcMJ"
Tue Jul 16 19:38:33 +0000 2019,RT @taylornation13: Two NEW Lover album bundles are available on @amazon for #PrimeDay â¤ï¸ Available until July 16 at 11:59pm PDT! @amazonmuâ€¦
Tue Jul 16 18:56:05 +0000 2019,"âœ¨ğŸ±âœ¨ Friday
@catsmovie https://t.co/h1SJfmA5ol"
Sat Jul 13 16:25:06 +0000 2019,Cat lady thirst trap https://t.co/hZ7e9bCaa7
Wed Jul 10 15:58:16 +0000 2019,"Tune in to @PrimeVideo tonight 9pm ET! @amazonmusic #PrimeDay
https://t.co/Eg8DkJFj6n https://t.co/TcYEk0S10P"
Sun Jun 30 21:01:39 +0000 2019,RT @halsey: ğŸ¦‹ @taylorswift13 https://t.co/1iI2tCr8my
Sat Jun 29 22:59:35 +0000 2019,RT @KamalaHarris: The USWNT scored more goals in their first World Cup match against Thailand than the U.S. menâ€™s team scored in the 2010 aâ€¦
Fri Jun 28 15:41:07 +0000 2019,âœŒï¸Friday calmnessâœŒï¸ https://t.co/jEq4ZLjtME
Thu Jun 27 05:21:13 +0000 2019,"RT @amazonmusic: Mark your calendars for the #PrimeDay Concert featuring @taylorswift13, with @DUALIPA, @iambeckyg, &amp; @sza on July 10th onlâ€¦"
Wed Jun 26 15:37:32 +0000 2019,Go behind the scenes of the ğŸ’—YNTCD Taylor ParkğŸ’— with the amazing @HayleyKiyoko @Lavernecox @katyperry @antoni @Karamo @jvn @bobbyberk @harto @DexStar84 @Adaripp @todrick @chesterlockhart @QueenJadeJolie @drewkirsch https://t.co/MSz3UNjUQH
Tue Jun 18 17:50:51 +0000 2019,Some of us had champagne on set and it shows ğŸ¥‚ https://t.co/Kxq7AcY8TL
Mon Jun 17 22:20:43 +0000 2019,When you have a song about being calm and the video has a Cher quote in it and she posts it so henceforth you are not able to be calm anymore ğŸ˜† https://t.co/YGG0LyY4Kw
Mon Jun 17 15:22:07 +0000 2019,"Just like my life, this video was co-executive produced by @todrick ğŸ˜¸ https://t.co/AObdtkYl0w"
Mon Jun 17 13:24:12 +0000 2019,Stan/Follow/Support! @rileyknoxx @RuPaul @VancityReynolds @tanfrance @TATIANNANOW @todrick @trinitykbonet @TrinityTheTuck #YNTCDmusicvideo
Mon Jun 17 13:24:11 +0000 2019,Stan/Follow/Support @A_doubleC_D @adamlambert @Adaripp @AdoreDelano @antoni @theebillyporter @bobbyberk @chesterlockhart @ciara #DeltaWork @DexStar84 @TheEllenShow @harto @HayleyKiyoko @QueenJadeJolie @jessetyler @JustinMikita @jvn @Karamo @katyperry @Lavernecox #YNTCDmusicvideo
Mon Jun 17 12:50:41 +0000 2019,A happy meal ğŸ” ğŸŸ ğŸ’— https://t.co/hPAbOZEsKF
Mon Jun 17 12:38:42 +0000 2019,Stan/Follow/Support! @A_doubleC_D @adamlambert @Adaripp @AdoreDelano @antoni @theebillyporter @bobbyberk @chesterlockhart @ciara #DeltaWork @DexStar84 @TheEllenShow @harto @HayleyKiyoko @QueenJadeJolie @jessetyler @JustinMikita @jvn @Karamo @katyperry @Lavernecox #YNTCDmusicvideo
Mon Jun 17 12:18:17 +0000 2019,"The #YNTCDmusicvideo is out! First, I want to say that my co-stars in this video are AMAZING. Please celebrate by supporting their work, following them, and going to see them perform. Iâ€™m SO grateful and SO EXCITED I ACTUALLY DO NEED TO CALM DOWN.ğŸ¹ https://t.co/787ksrnpBY https://t.co/Oj7GtQ7fxa"
Mon Jun 17 11:16:53 +0000 2019,"The #YNTCDmusicvideo premieres in 1 hour ğŸ’ 

Premiere watch page: https://t.co/gqUZ9FnKU1 

@YouTube @youtubemusic https://t.co/Ek972t3hkE"
Mon Jun 17 01:03:11 +0000 2019,"RT @TheEllenShow: My friend @TaylorSwift13 asked me to be in her new music video, â€œYou Need To Calm Down.â€ It premieres tomorrow! Now I neeâ€¦"
Sun Jun 16 15:01:36 +0000 2019,Asked a few friends to be in the You Need To Calm Down video ğŸ˜„ Out tomorrow at 8:15am ET https://t.co/QFp2Ni4Lb0
Sat Jun 15 22:38:42 +0000 2019,Tea time! Monday morning! ğŸ’• https://t.co/YLt8UD9dNC
Sat Jun 15 16:56:22 +0000 2019,We all got crowns ğŸ‘‘ ğŸ’• https://t.co/vI2rXQQMTl
Sat Jun 15 04:21:23 +0000 2019,Can you just not step on our gowns? ğŸ’ƒ https://t.co/A8QPkZicqS
Fri Jun 14 17:58:37 +0000 2019,RT @Target: We promise that you'll never find another like this! #PreorderLover @taylorswift13's new album - 4 exclusive deluxe versions. Oâ€¦
Fri Jun 14 17:27:10 +0000 2019,"Alexa, play Today in Music ğŸ’—
@amazonmusic https://t.co/XNpxSYrPpG"
Fri Jun 14 15:58:47 +0000 2019,A delicious new video comes out Monday morning...ğŸ’—ğŸ‚ğŸ’— https://t.co/fnZMz6P5dg
Fri Jun 14 04:10:50 +0000 2019,"Gxgjxkhdkdkydkhdkhfjvjfj 

https://t.co/XjL0jBb4i0 https://t.co/8J6Bc89NQx"
Fri Jun 14 02:55:57 +0000 2019,There were five posts in the fence. https://t.co/dHgwKbd1Q5
Thu Jun 13 21:25:27 +0000 2019,"Lover, album out August 23. Cover shot by the artistic genius that is @valheria123 ğŸ’— Pre-add, pre-save, pre-order (all the pre stuff you feel like doing) Canâ€™t wait for you to hear this. https://t.co/SGjcCUYZdM https://t.co/IPy54raQUF"
Wed Jun 12 19:46:46 +0000 2019,Going live tomorrow on Instagram at 5pm ET ğŸ˜ https://t.co/l4tnhj84tG
Mon Jun 03 17:56:46 +0000 2019,"RT @TheEllenShow: .@TaylorSwift13, you make me so proud. #PrideMonth https://t.co/nbVZoKOzub"
Mon Jun 03 17:55:07 +0000 2019,"RT @PetermanAudrey: Today I wrote to my senator, Ted Cruz, for the first time. Thanks to the awe inspiring words of Taylor Swift and the exâ€¦"
Mon Jun 03 17:51:41 +0000 2019,RT @heartsandhalo: â€œThe most common way people give up their power is by thinking they donâ€™t have any.â€ ğŸŒˆ #lettertomysenator https://t.co/Jâ€¦
Mon Jun 03 17:49:50 +0000 2019,"RT @HayleyGeronimo: Itâ€™s way past my bedtime, but I was so moved by Taylorâ€™s letter to her senator that I had to pick up my own pen too!!ğŸ–ŠğŸ“ƒâ€¦"
Mon Jun 03 17:38:35 +0000 2019,"ğŸ“·: @ashleyophoto, @jeffkravitz // Getty Entertainment https://t.co/mijbu6cV5E"
Sun Jun 02 16:12:06 +0000 2019,"ğŸŒˆLike a rainbow with all of the colorsğŸŒˆ 

Thank you to everyone who came to Wango Tango! That was FUN ğŸ¥³ Ps a huge thank you to @brendonurie for surprising the crowd!!

ğŸ“¸: Rich Fury, Kevin Mazur, Jeff Kravitz, Wes and Alex // Getty Entertainment https://t.co/dXWewgIUPv"
Sat Jun 01 04:08:49 +0000 2019,"#lettertomysenator 
https://t.co/EKYMXZw5U9 https://t.co/Ym0mGeOHgc"
Fri May 31 18:18:58 +0000 2019,I love seeing what youâ€™re listening to on your own playlists that youâ€™ve created on @AppleMusic. Keep sharing them with me with the hashtag #PlaylistbyME https://t.co/ivvkvt6V9g https://t.co/9XfMvCNxia
Thu May 30 03:21:12 +0000 2019,ğŸ˜» https://t.co/Lyr0vtXO69
Sun May 26 12:32:45 +0000 2019,ğŸ§¡ au revoir ğŸ§¡ https://t.co/D1OhFPHPFU
Fri May 24 12:29:30 +0000 2019,@heidiklum @TaylorSwift I love you too! Thank you for having me!
Fri May 24 12:21:16 +0000 2019,"Thank you @TheGNShow for having me and the band!! It airs tonight. Feeling lucky that I got to be on with @sophiet, Michael Fassbender, @jes_chastain and James McAvoy - They were all so sweet, now I want to just walk around yelling GO SEE DARK PHOENIX.
ğŸ“¸: So Television / BBC https://t.co/vbY7UMBLaz"
Fri May 24 05:58:03 +0000 2019,I made a #PlaylistbyME! of songs Iâ€™m loving right now- check it out and make your own on @applemusic https://t.co/ivvkvt6V9g https://t.co/wVvHlg4wPc
Wed May 22 21:17:17 +0000 2019,"Had the best time performing with @brendonurie on @nbcthevoice finale - thank you to the fans there for being so welcoming! And a huge congratulations to @MaelynMusic!! Meeting you made my day ğŸ¥°

ğŸ“¸: Trae Patton / NBC https://t.co/YdKLjda5jt"
Sat May 11 14:42:13 +0000 2019,"Oh my God this is SO CUTE I LOVE IT. Thanks for putting all that effort into this you guys. Also Cassey I actually just finished the 30 day @blogilates ab challenge!! ğŸ¤—ğŸ¤—ğŸ¤—ğŸ’•ğŸ’•ğŸ’• Sending all of you a hug, thanks again! https://t.co/cXUELNktny"
Thu May 09 20:04:24 +0000 2019,I know I never think before I jump... https://t.co/LXqqrGdpmX
Thu May 09 16:51:24 +0000 2019,RT @EW: .@TaylorSwift13 divulges the secrets to her album Easter eggs https://t.co/e39zwRIMSi
Thu May 09 16:43:32 +0000 2019,"Thank you for such a wonderful experience @EW - I loved getting to talk with @AlexJSuskind (yep I said it, I did an actual interview with a human journalist!! ğŸ‰) Wanted to rep as many things/people I love on the jacket ğŸ’— and more in the interview. https://t.co/C6dtAPFgfF https://t.co/zp0IiEPTn2"
Fri May 03 16:45:11 +0000 2019,"RT @amazonmusic: .@taylorswift13's ME! continues to CRUSH records on Amazon Music! 
Most first day streams âœ”ï¸
Most first day on-demand voicâ€¦"
Thu May 02 03:16:02 +0000 2019,THIS WAS THE MAXIMUM AMOUNT OF FUN POSSIBLE. And for the first time ever Iâ€™m releasing the live rehearsal audio from this performance on vinyl and CD from @BBMAs on my site. Thank you to every performer up there with us tonight!!! ğŸ’—ğŸ’—ğŸ’—ğŸ’—ğŸ’— https://t.co/MBHGP99Zxz
Thu May 02 02:56:48 +0000 2019,RT @BuzzFeed: Taylor Swift And Brendon Urie's Billboard Music Awards Performance Is The Most Fun Thing I've Ever Seen https://t.co/TIIiUYPhâ€¦
Thu May 02 00:40:50 +0000 2019,RT @taylornation13: Never before heard LIVE Rehearsal ME! Audio on CD + Vinyl are available only on the merch store until tomorrow!!! âœ¨ğŸŒˆğŸ’•Â Â â€¦
Wed May 01 22:16:34 +0000 2019,Iâ€™m trying to give them a normal upbringing but when the little ones and I ran into the flawless @PaulaAbdul on the way to red carpet we STRAIGHT UP had to get a pic. https://t.co/qf6iTLCUvV
Wed May 01 21:05:17 +0000 2019,Omg spelling is fun but especially in this lyric video cause we also have GLITTER: https://t.co/PT2IwYqNTH https://t.co/g1XJOaVVmI
Wed May 01 19:36:32 +0000 2019,"Ah, French... the language of love. A new video is out on @youtube going behind the scenes of THAT scene: https://t.co/rIlX75blVN https://t.co/KFsKMFx6Ps"
Wed May 01 05:28:43 +0000 2019,"Before I take the stage at the #BBMAs, Iâ€™m catching up with @zanelowe on @applemusic's @beats1official. Listen Wednesday:
9:30AM PT / 12:30PM ET / 5:30PM GMT https://t.co/LCbq2ZrJus https://t.co/BKNb0dgUst"
Wed May 01 02:58:16 +0000 2019,"Brendon and I shot our @Spotify vertical video at rehearsals in Vegas to give you a sneak peak of our @BBMAs performance ğŸ˜€
https://t.co/kV2fKymzXW https://t.co/lXH6bTjU50"
Wed May 01 01:54:17 +0000 2019,"You. Are. The. Best. ğŸ˜»Â  #taylurking #fromMEtoYOU 
https://t.co/oc7funLCvT https://t.co/RZG7KFg1OT"
Wed May 01 01:41:50 +0000 2019,"LOVE ğŸ’—ğŸ’—ğŸ’—ğŸ’—ğŸ’— #taylurking #fromMEtoYOU 
https://t.co/oc7funLCvT https://t.co/aU1iFTh2gJ"
Wed May 01 01:17:42 +0000 2019,"YOU ARE MAKING MY DAY! #taylurking #fromMEtoYOU 
https://t.co/T91mVWiVXN https://t.co/mvkhaab2Hb"
Wed May 01 01:00:34 +0000 2019,"I LOVE YOU GUYS ğŸ’— #taylurking #fromMEtoYOU
https://t.co/oc7funLCvT https://t.co/ko2GAY71Jn"
Wed May 01 00:14:09 +0000 2019,"RT @taylornation13: WE all want ME! 

1. Gift the song to ONE friend on iTunes
2. Post a selfie here holding up your gift receipt using #frâ€¦"
Wed May 01 00:09:33 +0000 2019,Tonight we lurk on twitter. ğŸ‘€
Tue Apr 30 21:16:29 +0000 2019,"RT @taylornation13: Which one is your favorite?? These are available until May 2 ğŸŒº 

Shop at https://t.co/ZSGtuHSAkb https://t.co/3hL2qGDLeG"
Tue Apr 30 17:22:07 +0000 2019,The first time I met Benji. ğŸ˜»Check out the behind the scenes video on @YouTube. https://t.co/VRHIGzJ5A0
Sun Apr 28 23:58:21 +0000 2019,"RT @AppleMusic: IT'S ALL HAPPENING. @taylorswift13's ME! featuring @brendonurie of @PanicAtTheDisco is here. 
Listen now: https://t.co/GBIjâ€¦"
Sun Apr 28 23:15:18 +0000 2019,"This is AWESOME ğŸŒ¸ @youtubemusic @YouTube 
https://t.co/YYKCilSb9n https://t.co/Hhvn1AAtyg"
Sun Apr 28 23:10:37 +0000 2019,"SO. COOL. ğŸ˜»@amazonmusic #alexaplay ME! 
https://t.co/0B1VOPvbmV https://t.co/pv0ubUQp5T"
Sun Apr 28 23:06:08 +0000 2019,"Thank you @Spotify ğŸ’—
https://t.co/HOqy9VPDv5 https://t.co/pmgDh8dy1s"
Sun Apr 28 21:04:30 +0000 2019,"Because of you guys, this video broke the @vevo record and WE ARE NOT CALM. https://t.co/4tXuFRtTyb"
Sun Apr 28 01:26:04 +0000 2019,This is INCREDIBLE!! https://t.co/TH9bXLeqgD
Sun Apr 28 01:07:14 +0000 2019,"GUYS!! YOU DID THIS!!!! CANNOT STOP SMILING ğŸ’—ğŸ’—ğŸ’—ğŸ’—ğŸ’—
And Iâ€™m not trying to be loud but 65.2 million views... ?? and 6+5+2=............. https://t.co/PBXGyEaqDj"
Sat Apr 27 18:15:34 +0000 2019,"ğŸ’•ğŸ’— A huge thank you to the incredible dancers for making the video so magical and for keeping the secret for so long!!ğŸ’•ğŸ’—

https://t.co/1f7Iqonrec https://t.co/kTEti96aZH"
Sat Apr 27 01:56:20 +0000 2019,RT @selenagomez: So proud @taylorswift13 https://t.co/vDIMtEBiki
Sat Apr 27 01:55:52 +0000 2019,"RT @blakelively: When I die, please bury me here...    â¤ï¸ğŸ§¡ğŸ’›ğŸ’šğŸ’™ğŸ’œğŸ’–ğŸ’œğŸ’™ğŸ’šğŸ’›ğŸ§¡â¤ï¸
https://t.co/G5Bkntttwa"
Sat Apr 27 01:55:25 +0000 2019,"RT @Camila_Cabello: I am HERE for this new era, and I am HERE for TS7 and I am HERE for this song and video and Meredith, Olivia, and Benjaâ€¦"
Sat Apr 27 00:59:57 +0000 2019,RT @taylornation13: The vertical loop of â€œME!â€ on @Spotify was just updated ğŸ’ Check back today and throughout the week to find some more ğŸ˜‰â€¦
Sat Apr 27 00:32:06 +0000 2019,"Think about the place where you first met ME! #MEmusicvideo 
https://t.co/wImFeZ6kO2 https://t.co/uhiQzzQV4i"
Fri Apr 26 23:16:57 +0000 2019,"So... the new album title is actually revealed somewhere in the video AND so is the title of the second single, but I havenâ€™t seen people finding them yet...
ğŸ•µï¸â€â™‚ï¸ğŸ•µï¸â€â™€ï¸ #MEmusicvideo

https://t.co/cdxQ6dFiar"
Fri Apr 26 22:27:33 +0000 2019,This is Benjamin Button. Heâ€™s a good boy. https://t.co/Ou40WXL8hH https://t.co/6aM19kYq5K
Fri Apr 26 19:32:34 +0000 2019,This is how he prefers to travel. https://t.co/poYAH52vPl
Fri Apr 26 18:28:25 +0000 2019,RT @pandoramusic: The wait is over! @taylorswift13â€™s brand new single â€œME!â€ featuring @brendonurie has arrived. Listen now: https://t.co/ljâ€¦
Fri Apr 26 18:26:55 +0000 2019,"RT @amazonmusic: â€œME!"" FOR YOU. NEW @taylorswift13 music DROPS NOW, featuring @brendonurie of @PanicAtTheDisco! #AskAlexa â€œPlay the new Tayâ€¦"
Fri Apr 26 18:26:41 +0000 2019,"RT @AppleMusic: We â¤ï¸you @taylorswift13.
Listen to ME! featuring @brendonurie of @PanicAtTheDisco: https://t.co/GBIjqlBb41 https://t.co/tW2â€¦"
Fri Apr 26 18:26:32 +0000 2019,"RT @Spotify: It's all about ME! 
@TaylorSwift13â€™s new track feat. @brendonurie of Panic! At The Disco is streaming now. 
https://t.co/PwWmLâ€¦"
Fri Apr 26 18:25:49 +0000 2019,RT @youtubemusic: .@taylorswift13 has returned. Play ME! (feat. @brendonurie of @PanicAtTheDisco) now on YouTube Music â†’ https://t.co/yY6Gkâ€¦
Fri Apr 26 14:30:31 +0000 2019,And then there were threeâ€¦ https://t.co/v8DyjdL1ec
Fri Apr 26 14:25:41 +0000 2019,"RT @KeithUrban: .@taylorswift13.... HELL YESSSSS!
You rise up- you do it ALL THE TIME!  CONGRATS!!!!!!!!! - KU"
Fri Apr 26 05:13:42 +0000 2019,@dixiechicks Chicks stans never unstan.
Fri Apr 26 05:10:11 +0000 2019,RT @zainubamir: @taylorswift13 I just wanna say real quick thank you!! this song is exactly what I needed and honestly makes me feel so hapâ€¦
Fri Apr 26 05:07:49 +0000 2019,RT @DaniMaguina: OUR REACTION GJSBFKWJSIQ WE CANT KEEP OUR CHILL EVER @kaileeheller @taylorswift13 #TaylorSwiftTonight https://t.co/QX6WbcHâ€¦
Fri Apr 26 04:57:59 +0000 2019,"RT @ginaswift13: Hey kids! Spelling is fun! 
@taylorswift13 @taylornation13 #MeOutNow #TaylorSwiftTONIGHT #taylorswift https://t.co/GqA9dqUâ€¦"
Fri Apr 26 04:54:38 +0000 2019,RT @brendonurie: Wait. This really happened?! Like for real?!?! Well I canâ€™t begin to describe how incredible it has been to work on this sâ€¦
Fri Apr 26 04:12:09 +0000 2019,ME! Out now! Made this song with @brendonurie and @iamjoellittle. Dave Meyers and I co-directed the video. And everyone knows you canâ€™t spell awesome without DAVIDBRENDONJOEL. Oh wait... https://t.co/xFsUDfSRSJ https://t.co/0FgYZqMeOP
Fri Apr 26 04:04:09 +0000 2019,RT @taylornation13: PREMIERING NOW: https://t.co/9PauiR3z0k
Fri Apr 26 02:47:46 +0000 2019,"On @YouTube answering questions. Send help. 

https://t.co/vljvOeYo6R https://t.co/jleC5nRXca"
Fri Apr 26 01:25:12 +0000 2019,"WELL GUYS it's almost midnight and my new song â€œME!â€ featuring @brendonurie of @panicatthedisco will be out. In other news, the VIDEO will be out too and I canâ€™t wait to watch live with you (and answer some questions) as it premieres on @YouTube ğŸ¥ğŸ˜º https://t.co/YImpUXvEVQ https://t.co/lOy7biUgbA"
Thu Apr 25 22:47:08 +0000 2019,ğŸ¦‹ https://t.co/stM1H4tNzm
Thu Apr 25 21:36:43 +0000 2019,ME! by the one and only @valheria123 ğŸ’—ğŸ’—ğŸ’—ğŸ’—ğŸ’—ğŸ’—ğŸ’—ğŸ’—ğŸ’—ğŸ’—ğŸ’—ğŸ’—ğŸ’— https://t.co/66k86qu8kr
Thu Apr 25 18:44:24 +0000 2019,"So... @kelsmontagueart helped me pull off the best surprise clue reveal today in Nashville! Thank you to everyone who showed up, Iâ€™ve never been more proud of your FBI level detective skills. Next clue: Iâ€™ll be joining the magnificent @robinroberts for a chat tonight on ABC ğŸ’• https://t.co/TGmvbiWJWV"
Wed Apr 24 14:07:05 +0000 2019,4.26 https://t.co/bFOWK3O3G1
Tue Apr 23 22:15:00 +0000 2019,Itâ€™s TIME. #time100 https://t.co/sC9zu13CVm
Mon Apr 22 13:30:50 +0000 2019,4.26 https://t.co/TiHQCGqUlE
Sun Apr 21 14:56:02 +0000 2019,4.26 https://t.co/7eYGsVjQg0
Sat Apr 20 16:44:05 +0000 2019,4.26 https://t.co/mQejq2QXbZ
Fri Apr 19 16:10:36 +0000 2019,4.26 https://t.co/yYSZFZZLvF
Thu Apr 18 19:37:02 +0000 2019,4.26 https://t.co/DNVKNGXDPG
Wed Apr 17 16:37:09 +0000 2019,Well this is AWESOME. Thank you @TIME ğŸ’— Thank you Pari Dukovic and thank you for your unbelievably kind words @ShawnMendes (I had no idea you were writing this and just found out when I saw this!!) https://t.co/4MIBw20FxQ
Tue Apr 16 19:54:15 +0000 2019,4.26 https://t.co/IJaSFQoeVC
Tue Apr 16 02:05:57 +0000 2019,4.26 https://t.co/L1DEOSo2LC
Mon Apr 15 12:31:24 +0000 2019,4.26 https://t.co/Q3el3sRDDf
Sun Apr 14 18:32:18 +0000 2019,4.26 https://t.co/IhwxXJyfvD
Sat Apr 13 15:44:17 +0000 2019,4.26 https://t.co/E5cecDmo5f
Thu Feb 28 18:48:50 +0000 2019,@halsey @ELLEmagazine Grinning and blushing over here. Thank you so much for reading it!! ğŸ’—
Mon Dec 31 08:05:53 +0000 2018,Out now. https://t.co/UZGcmTqhtV https://t.co/DqqZwwFfZZ
Sat Dec 29 17:53:27 +0000 2018,"â€œAll Too Wellâ€ was never a single, and it always blows my mind that it is consistently one of the loudest songs the crowd sings when I play it. Moments like this defined the Reputation Stadium Tour for me, and I canâ€™t wait for you to see it in full starting at 12:01 AM 12/31 PST https://t.co/wgcV3oumje"
Tue Dec 18 18:39:45 +0000 2018,"Netflix marketing team: So for the poster, we were thinking-

Me: CAN YOU MAKE ME LOOK LIKE A ZOMBIE HUNTER https://t.co/JxBCEdMCd4"
Thu Dec 13 13:19:57 +0000 2018,Thanks so much for all the birthday wishes! Today I finally get to show you something weâ€™ve been working on for a while... the trailer for the Reputation Stadium Tour! The entire concert film will premiere on @Netflix at 12:01AM PT December 31. https://t.co/ZL3Kx2OUx8
Sun Jun 24 23:47:41 +0000 2018,"Angels ğŸ˜‡ 
@RobbieWilliams
https://t.co/A6rx5WA0ie"
Fri May 25 00:10:26 +0000 2018,Amazing @JamesBayMusic! ğŸ‘ğŸ‘ğŸ‘ğŸ‘ğŸ‘ğŸ‘ğŸ‘ğŸ‘ğŸ‘ğŸ‘ğŸ‘ğŸ‘ğŸ‘ https://t.co/9RDrCEbKBc
Tue May 22 20:21:11 +0000 2018,Thanks @vmagazine â¤ï¸ See you tonight Seattle!! https://t.co/VB78rGXO7C
Sat May 12 23:31:01 +0000 2018,RT @Variety: Taylor Swift Dazzles on Opening Night of 'Reputation' Tour @taylorswfit13 https://t.co/lGp9dgDYSr
Sat May 12 23:28:23 +0000 2018,RT @RollingStone: Taylor Swift kicked off her 'Reputation' tour last night in Arizona. Rob Sheffield on why this trek is her finest yet httâ€¦
Sat May 12 23:23:10 +0000 2018,RT @mercnews: Review: Taylor Swift delivers near-perfect pop show in Bay Area https://t.co/aOoOAMGCGV https://t.co/EQa5YuTRO9
Fri May 11 22:45:30 +0000 2018,RT @charli_xcx: ğŸ’•CHARLIğŸ’•CAMILAğŸ’•TAYLORğŸ’• SEE U 2NIGHT SANTA CLARA !!!!!! https://t.co/dCaEIaFmRR
Sat May 05 18:51:39 +0000 2018,"RT @Camila_Cabello: ALSO ""10 SONGS FROM PAST ALBUMS"" MY HEAD IS SPINNING?!! WILL A HEY STEPHEN, OR CHANGE BE THROWN IN? ENCHANTED?! LONG LIâ€¦"
Sat May 05 18:51:37 +0000 2018,RT @Camila_Cabello: THEREâ€™S FOUR DAYS TILL THE REPUTATION TOUR HOLD MY WIG
Wed Apr 11 00:01:54 +0000 2018,It's National Siblings Day! Check out Austin's movie ğŸ˜ https://t.co/Zqx5hLj6of
Fri Mar 30 05:07:18 +0000 2018,Vertical video for #Delicate out now. Only on @Spotify âœ¨ https://t.co/ZHvrH7k1PN https://t.co/nhcfIv97gR
Thu Mar 29 13:02:37 +0000 2018,New video for #Delicate at midnight EST tonight. Only on @spotifyÂ Â âœ¨ https://t.co/AHEY6LOSTz
Mon Mar 12 01:40:40 +0000 2018,I know that itâ€™s delicate... https://t.co/0H5EpgcFtd
Sun Mar 11 23:34:29 +0000 2018,DELICATE VIDEO WORLD PREMIERE ON @iHeartRadio MUSIC AWARDS ON @TBSNetwork!!! âœ¨ğŸ’ƒâœ¨ https://t.co/hhILI7bwn9
Mon Mar 05 13:16:25 +0000 2018,âœ¨âœ¨âœ¨âœ¨âœ¨âœ¨âœ¨âœ¨âœ¨âœ¨âœ¨âœ¨âœ¨ https://t.co/KHNRCaKfU0
Thu Mar 01 22:44:51 +0000 2018,I have a very exciting update to share... @Camila_Cabello and @charli_xcx will be the opening acts on the #reputationStadiumTour!!! https://t.co/LAjmecVOrJ
Mon Feb 05 22:24:46 +0000 2018,"Songs Iâ€™m loving right now ğŸ¶
https://t.co/K62TYfJht6"
Mon Feb 05 22:24:46 +0000 2018,"Songs Iâ€™m loving right now ğŸ¶
https://t.co/K62TYfJht6"
Fri Jan 12 05:02:48 +0000 2018,#EndGameMusicVideo out now. @edsheeran @1future https://t.co/z6EiFsLniY
Thu Jan 11 13:10:05 +0000 2018,"Tonight at midnight eastern. #EndGameMusicVideo
@1future @edsheeran https://t.co/XHRS02IXfY"
Sun Dec 24 00:07:48 +0000 2017,RT @taylornation13: #TheSwiftLife is now available for Android! Get it on Google Play now: https://t.co/qguJHJ3qPL https://t.co/93evBchcNl
Sat Dec 16 22:03:48 +0000 2017,RT @AppStore: .@taylorswift13's first app has arrivedâ€”and itâ€™s only on the App Store. (Early reviews are in: Meredith and Olivia give it twâ€¦
Wed Dec 13 20:18:16 +0000 2017,North American dates on sale now! https://t.co/o8bU3G9HMl https://t.co/4ZV2mczOPt
Mon Dec 11 21:36:38 +0000 2017,RT @RIAA: Congratulations @taylorswift13. #reputation is 3X Platinum + RIAAâ€™s top certified 2017 album to date! @BigMachine https://t.co/D1â€¦
Mon Dec 11 21:36:35 +0000 2017,RT @RIAA: Thereâ€™s more! Look What You Made Me Do is 3X Platinum + ... Ready For It? is Platinum @taylorswift13! @BigMachine https://t.co/Stâ€¦
Mon Dec 11 21:36:30 +0000 2017,RT @RIAA: #Fearless joins the RIAA 10X Diamond club! @taylorswift13! @BigMachine https://t.co/DSnfIt2Nmc
Thu Dec 07 17:56:15 +0000 2017,"RT @taylornation13: ğŸš—â¤ï¸ğŸš¨ The perfect road trip song! Watch @taylorswift13 find her â€œGetaway Carâ€ breakthrough on #TaylorSwiftNOW, only fromâ€¦"
Thu Dec 07 02:09:40 +0000 2017,"""...Ready For It?"" (@BloodPop Â® Remix) out now - https://t.co/BhnUlUqUD7 https://t.co/rsKdAQzd2q"
Mon Dec 04 17:44:16 +0000 2017,"Thank you @Edward_Enninful, Mert Alas and Marcus Piggott for your passion, spirit and contagious laughter on set. @BritishVogue #NewVogue https://t.co/cQiufPKkDS"
Sat Dec 02 00:11:48 +0000 2017,Absolutely stunning. https://t.co/6itJC1bk6W
Thu Nov 30 23:32:14 +0000 2017,RT @taylornation13: https://t.co/WWpP1tpRmU
Thu Nov 16 20:24:15 +0000 2017,This week has been unforgettable. I love you guys. Thanks a million ğŸ˜‰ https://t.co/qjspCA7NJ7
Wed Nov 15 04:02:11 +0000 2017,The Making of #Delicate âœ¨ #reputation #TaylorSwiftNow https://t.co/tn78pMCoVV
Tue Nov 14 21:50:38 +0000 2017,#reputaylurking #reputationÂ  â¤ï¸ https://t.co/CbTqn2F6Xs
Tue Nov 14 21:49:53 +0000 2017,#reputaylurking #reputationÂ  â¤ï¸ https://t.co/JhZNUZ7MxK
Tue Nov 14 21:48:40 +0000 2017,#reputaylurking #reputationÂ  â¤ï¸ https://t.co/f4135JnNhM
Tue Nov 14 21:45:48 +0000 2017,#reputaylurking #reputationÂ  â¤ï¸ https://t.co/JtblVbBa5u
Tue Nov 14 21:43:48 +0000 2017,#reputaylurking #reputationÂ  â¤ï¸ https://t.co/sAtTLVzfw3
Tue Nov 14 21:41:51 +0000 2017,#reputaylurking #reputationÂ  â¤ï¸ https://t.co/pOEpn6Dk5p
Tue Nov 14 21:39:44 +0000 2017,#reputaylurking #reputation â¤ï¸ https://t.co/2OV2DvvIyN
Tue Nov 14 20:44:09 +0000 2017,RT @jimmyfallon: Taylor Swift performs 'New Year's Day' from her new album Reputation #FallonTonight https://t.co/20GPtmFWzf
Mon Nov 13 01:09:15 +0000 2017,RT @etnow: Taylor Swift defends her 'reputation' as a great 'SNL' musical guest with 2 epic performances. https://t.co/BGvqX6H1Sn https://tâ€¦
Mon Nov 13 01:08:29 +0000 2017,RT @people: Taylor Swift Takes SNL Stage with Snake-Shaped Mic In Hand â€” then Goes Acoustic https://t.co/cnH2ESn93x
Mon Nov 13 01:07:39 +0000 2017,RT @Metro_Ents: Taylor Swift slays the first live performances of the Reputation era on #SNL https://t.co/gYKn3UjLBW
Mon Nov 13 01:02:02 +0000 2017,RT @usweekly: Taylor Swift slays on 'SNL' and Tiffany Haddish makes history: see the best moments https://t.co/ZdWzK8e3Qj
Mon Nov 13 00:59:56 +0000 2017,RT @InStyle: Watch Taylor Swift crush her performances from last night's SNL. https://t.co/7zSCBEerxB
Sun Nov 12 01:05:33 +0000 2017,"THANK YOU SO MUCH!! AHHHH!!! PS, I ADORED your CMA performance ğŸ‘ğŸ‘ğŸ‘ https://t.co/RGEvOTYEhd"
Sat Nov 11 21:40:53 +0000 2017,"Tonight.

ğŸ“·: Mary Ellen Matthews https://t.co/mbQdDHz5Dn"
Sat Nov 11 20:42:51 +0000 2017,"My cousins in St. Louis sent this to me. I LOVE YOU @LauraKHettiger
https://t.co/OvC349nq8y"
Sat Nov 11 20:19:24 +0000 2017,#reputaylurking #reputation â¤ï¸ https://t.co/WPWiwPodY1
Sat Nov 11 20:17:02 +0000 2017,#reputaylurking #reputation â¤ï¸ https://t.co/hEGz0GQFqc
Sat Nov 11 20:14:56 +0000 2017,#reputaylurking #reputation â¤ï¸ https://t.co/PRkjzCmoAc
Sat Nov 11 20:13:42 +0000 2017,#reputaylurking #reputation â¤ï¸ https://t.co/NPcA5WsgVL
Sat Nov 11 20:11:53 +0000 2017,#reputaylurking #reputation â¤ï¸ https://t.co/hxD5n2KrxW
Sat Nov 11 19:39:29 +0000 2017,#reputaylurking #reputation â¤ï¸ https://t.co/9n2rvbzXph
Sat Nov 11 19:37:36 +0000 2017,#reputaylurking #reputation â¤ï¸ https://t.co/K3tUWVvmpd
Sat Nov 11 19:34:24 +0000 2017,#reputaylurking #reputation â¤ï¸ https://t.co/18sg97Oshp
Sat Nov 11 19:31:31 +0000 2017,#reputaylurking #reputation â¤ï¸ https://t.co/3p2sIX7WGU
Sat Nov 11 19:30:02 +0000 2017,#reputaylurking #reputation â¤ï¸ https://t.co/z5HoBkxUQy
Sat Nov 11 19:07:25 +0000 2017,#reputaylurking #reputation â¤ï¸ https://t.co/O8sznXy3vX
Sat Nov 11 19:03:27 +0000 2017,#reputaylurking #reputation â¤ï¸ https://t.co/sygCHKoJvu
Sat Nov 11 19:01:27 +0000 2017,#reputaylurking #reputation â¤ï¸ https://t.co/tDWpcN4MGx
Sat Nov 11 18:57:21 +0000 2017,#reputaylurking #reputation â¤ï¸ https://t.co/eS6JDjsWuF
Sat Nov 11 18:55:36 +0000 2017,#reputaylurking #reputation â¤ï¸ https://t.co/rOXGOsBDae
Fri Nov 10 08:27:59 +0000 2017,RT @babyhaim: give me dress all day everyday....dress dress dress dress yes yes yes yes @taylorswift13 https://t.co/0RfSI1QHpY
Fri Nov 10 06:13:08 +0000 2017,"RT @latimes: Taylor Swift's talent remains intact on ""Reputation,"" her most focused, most cohesive album yet https://t.co/9OWWyhLppb https:â€¦"
Fri Nov 10 05:23:56 +0000 2017,RT @robsheff: good lord I love this album https://t.co/pUVZtUg4t5
Fri Nov 10 04:23:55 +0000 2017,#reputation is out now. Let the games begin. https://t.co/oExj2XFGvH https://t.co/GzA6cTEwjf
Fri Nov 10 02:11:33 +0000 2017,RT @taylornation13: Get an exclusive first listen of â€˜New Yearâ€™s Dayâ€™ at 9:29p ET tonight on @ABC and hang with us as we countdown to #repuâ€¦
Thu Nov 09 19:34:44 +0000 2017,"Waiting for #reputation like...

https://t.co/oExj2XFGvH https://t.co/LCCRtKnQXz"
Thu Nov 09 18:20:50 +0000 2017,ABC tonight during Scandal #reputation #TGIT https://t.co/kOhx1vAXoV
Thu Nov 09 02:27:32 +0000 2017,In NYC for SNL rehearsals. Iï¸ LOVE YOU @littlebigtown and CMAs. https://t.co/3QT7bX6yOe
Thu Nov 09 02:25:44 +0000 2017,"RT @GMA: CMA Awards Song of the Year: ""Better Man"" - @taylorswift13 

@CountryMusic #cmaawards2017 #CMAawards https://t.co/QJlUQXHh64"
Thu Nov 09 00:58:03 +0000 2017,"Two days until #reputation. 
https://t.co/oExj2XFGvH https://t.co/z4bk0thC5c"
Wed Nov 08 19:08:38 +0000 2017,"Three new behind-the-scenes videos available now.

Only on @AppleMusic: https://t.co/nNtHaYzZrp https://t.co/a4E6cNaD3B"
Wed Nov 08 16:17:41 +0000 2017,RT @courtneyforce: Let the games begin! Running a @taylorswift13 FunnyCar w/ @AdvanceAuto &amp; @BigMachine at @NHRA Finals! Taylors #reputatioâ€¦
Wed Nov 08 15:04:07 +0000 2017,Forgot to show the back of the Target magazines ğŸ˜‚ on Friday you can get your hands on this quality reading material. https://t.co/fPhRA1Ocvf https://t.co/w8q9R752vR
Wed Nov 08 03:37:34 +0000 2017,"3 days until #reputation. 

https://t.co/oExj2XFGvH https://t.co/sjr8hMqPxV"
Tue Nov 07 19:57:47 +0000 2017,"Two unique magazines. Poetry, paintings, lyrics &amp; polaroids.
Available Friday: https://t.co/fPhRA1wB6F https://t.co/frFIILyrqa"
Tue Nov 07 13:43:34 +0000 2017,Inside the reputation Secret Sessions - https://t.co/aotQtPBzer
Fri Nov 03 12:00:17 +0000 2017,The #CallItWhatYouWant lyric video is out now! Watch it here: https://t.co/FKYJ3dADib
Fri Nov 03 04:26:29 +0000 2017,"â€œCall It What You Wantâ€ available now. @applemusic
Pre-order #reputation: https://t.co/oExj2XFGvH https://t.co/EWxoTpSzIT"
Thu Nov 02 12:29:43 +0000 2017,Call It What You Want. Midnight Eastern. https://t.co/nTmlQUzmFN
Wed Nov 01 15:19:42 +0000 2017,"RT @ATT: â° The Making of a Song premieres 11/13 on @DIRECTVNOW, only from AT&amp;T! https://t.co/emXplX8gjo #TaylorSwiftNOW https://t.co/VIXXYdâ€¦"
Fri Oct 27 04:03:37 +0000 2017,#ReadyForItMusicVideo https://t.co/HYBhBqNVo3
Mon Oct 02 14:44:06 +0000 2017,There are no words to express the helplessness and sorrow my broken heart feels for the victims in Vegas and their families.
Fri Sep 29 14:36:21 +0000 2017,https://t.co/EIXRjnE9Gw
Fri Sep 22 20:50:44 +0000 2017,"RT @RollingStone: All 115 of Taylor Swift's songs, ranked https://t.co/mdD4f04rQ8 https://t.co/Bm317v6fib"
Fri Sep 22 20:48:38 +0000 2017,RT @TheEllenShow: #LookWhatYouMadeMeDo @TaylorSwift13 https://t.co/8rUDDtwbdH
Fri Sep 22 20:46:24 +0000 2017,ğŸ˜ğŸ˜ğŸ˜Â https://t.co/oIAruxj8ZH
Thu Sep 07 15:11:59 +0000 2017,Some real tough questions I had for Olivia. https://t.co/VeLIN3iYRY
Thu Sep 07 15:11:18 +0000 2017,Such a taxing day when they're like 'eat some cookie dough' and you're like 'ok I'll make this sacrifice for my art'Â https://t.co/0D8LfJA49q https://t.co/Yia4NqDjYR
Sun Sep 03 12:05:42 +0000 2017,A second glance into #reputation...ready for it? https://t.co/e495xJi3M8 https://t.co/HF35pISj2N
Mon Aug 28 02:42:53 +0000 2017,The #LWYMMDvideo is out now - https://t.co/6ajIH45CnX
Fri Aug 25 11:57:17 +0000 2017,"Official #LWYMMDvideo world premiere. 
Sunday 8/27 at the @vmas https://t.co/tjAxr8qdsY"
Fri Aug 25 03:32:03 +0000 2017,"New single #LookWhatYouMadeMeDo out now. Pre-order #reputation: https://t.co/oExj2XFGvH 

Merch &amp; ticket info at https://t.co/AbDQqnCntC https://t.co/Tcni9yIgs2"
Wed Aug 23 16:49:01 +0000 2017,https://t.co/xMBBukfZPs
Wed Aug 23 14:02:23 +0000 2017,https://t.co/xqhhDZ0y7c
Tue Aug 22 15:02:19 +0000 2017,https://t.co/12Rfi8bso4
Mon Aug 21 15:00:54 +0000 2017,https://t.co/p2DyY0e2M3
